,0,1,2,3,4,5,6,7,8,9,10,11,12,13,14,15,16,17,18,19,20,21,22,23,24,25,26,27,28,29,30,31,32,33,34,35,36,37,38,39,40,41,42,43,44,45,46,47,48,49,50,51,52,53,54,55,56,57,58,59,60,61,62,63,64,65,66,67,68,69,70,71,72,73,74,75,76,77,78,79,80,81,82,83,84,85,86,87,88,89,90,91,92,93,94,95,96,97,98,99,
0.000,0.00000,0.00000,0.00000,0.00000,0.00000,0.00000,0.00000,0.00000,0.00000,0.00000,0.00000,0.00000,0.00000,0.00000,0.00000,0.00000,0.00000,0.00000,0.00000,0.00000,0.00000,0.00000,0.00000,0.00000,0.00000,0.00000,0.00000,0.00000,0.00000,0.00000,0.00000,0.00000,0.00000,0.00000,0.00000,0.00000,0.00000,0.00000,0.00000,0.00000,0.00000,0.00000,0.00000,0.00000,0.00000,0.00000,0.00000,0.00000,0.00000,0.00000,0.00000,0.00000,0.00000,0.00000,0.00000,0.00000,0.00000,0.00000,0.00000,0.00000,0.00000,0.00000,0.00000,0.00000,0.00000,0.00000,0.00000,0.00000,0.00000,0.00000,0.00000,0.00000,0.00000,0.00000,0.00000,0.00000,0.00000,0.00000,0.00000,0.00000,0.00000,0.00000,0.00000,0.00000,0.00000,0.00000,0.00000,0.00000,0.00000,0.00000,0.00000,0.00000,0.00000,0.00000,0.00000,0.00000,0.00000,0.00000,0.00000,0.00000,
0.100,0.00000,0.00000,0.00000,0.00000,0.00000,0.00000,0.00000,0.00000,0.00000,0.00000,0.00000,0.00000,0.00000,0.00000,0.00000,0.00000,0.00000,0.00000,0.00000,0.00000,0.00000,0.00000,0.00000,0.00000,0.00000,0.00000,0.00000,0.00000,0.00000,0.00000,0.00000,0.00000,0.00000,0.00000,0.00000,0.00000,0.00000,0.00000,0.00000,0.00000,0.50000,0.50000,0.00000,0.00000,0.00000,0.00000,0.00000,0.00000,0.00000,0.00000,0.00000,0.00000,0.00000,0.00000,0.00000,0.00000,0.00000,0.00000,0.00000,-0.50000,-0.50000,0.00000,0.00000,0.00000,0.00000,0.00000,0.00000,0.00000,0.00000,0.00000,0.00000,0.00000,0.00000,0.00000,0.00000,0.00000,0.00000,0.00000,0.00000,0.00000,0.00000,0.00000,0.00000,0.00000,0.00000,0.00000,0.00000,0.00000,0.00000,0.00000,0.00000,0.00000,0.00000,0.00000,0.00000,0.00000,0.00000,0.00000,0.00000,0.00000,
0.200,0.00000,0.00000,0.00000,0.00000,0.00000,0.00000,0.00000,0.00000,0.00000,0.00000,0.00000,0.00000,0.00000,0.00000,0.00000,0.00000,0.00000,0.00000,0.00000,0.00000,0.00000,0.00000,0.00000,0.00000,0.00000,0.00000,0.00000,0.00000,0.00000,0.00000,0.00000,0.00000,0.00000,0.00000,0.00000,0.00000,0.00000,0.00000,0.00000,0.50000,0.50000,0.50000,0.50000,0.00000,0.00000,0.00000,0.00000,0.00000,0.00000,0.00000,0.00000,0.00000,0.00000,0.00000,0.00000,0.00000,0.00000,0.00000,-0.50000,-0.50000,-0.50000,-0.50000,0.00000,0.00000,0.00000,0.00000,0.00000,0.00000,0.00000,0.00000,0.00000,0.00000,0.00000,0.00000,0.00000,0.00000,0.00000,0.00000,0.00000,0.00000,0.00000,0.00000,0.00000,0.00000,0.00000,0.00000,0.00000,0.00000,0.00000,0.00000,0.00000,0.00000,0.00000,0.00000,0.00000,0.00000,0.00000,0.00000,0.00000,0.00000,
0.300,0.00000,0.00000,0.00000,0.00000,0.00000,0.00000,0.00000,0.00000,0.00000,0.00000,0.00000,0.00000,0.00000,0.00000,0.00000,0.00000,0.00000,0.00000,0.00000,0.00000,0.00000,0.00000,0.00000,0.00000,0.00000,0.00000,0.00000,0.00000,0.00000,0.00000,0.00000,0.00000,0.00000,0.00000,0.00000,0.00000,0.00000,0.00000,0.50000,0.50000,0.50000,0.50000,0.50000,0.50000,0.00000,0.00000,0.00000,0.00000,0.00000,0.00000,0.00000,0.00000,0.00000,0.00000,0.00000,0.00000,0.00000,-0.50000,-0.50000,-0.50000,-0.50000,-0.50000,-0.50000,0.00000,0.00000,0.00000,0.00000,0.00000,0.00000,0.00000,0.00000,0.00000,0.00000,0.00000,0.00000,0.00000,0.00000,0.00000,0.00000,0.00000,0.00000,0.00000,0.00000,0.00000,0.00000,0.00000,0.00000,0.00000,0.00000,0.00000,0.00000,0.00000,0.00000,0.00000,0.00000,0.00000,0.00000,0.00000,0.00000,0.00000,
0.400,0.00000,0.00000,0.00000,0.00000,0.00000,0.00000,0.00000,0.00000,0.00000,0.00000,0.00000,0.00000,0.00000,0.00000,0.00000,0.00000,0.00000,0.00000,0.00000,0.00000,0.00000,0.00000,0.00000,0.00000,0.00000,0.00000,0.00000,0.00000,0.00000,0.00000,0.00000,0.00000,0.00000,0.00000,0.00000,0.00000,0.00000,0.50000,0.50000,0.50000,0.50000,0.50000,0.50000,0.50000,0.50000,0.00000,0.00000,0.00000,0.00000,0.00000,0.00000,0.00000,0.00000,0.00000,0.00000,0.00000,-0.50000,-0.50000,-0.50000,-0.50000,-0.50000,-0.50000,-0.50000,-0.50000,0.00000,0.00000,0.00000,0.00000,0.00000,0.00000,0.00000,0.00000,0.00000,0.00000,0.00000,0.00000,0.00000,0.00000,0.00000,0.00000,0.00000,0.00000,0.00000,0.00000,0.00000,0.00000,0.00000,0.00000,0.00000,0.00000,0.00000,0.00000,0.00000,0.00000,0.00000,0.00000,0.00000,0.00000,0.00000,0.00000,
0.500,0.00000,0.00000,0.00000,0.00000,0.00000,0.00000,0.00000,0.00000,0.00000,0.00000,0.00000,0.00000,0.00000,0.00000,0.00000,0.00000,0.00000,0.00000,0.00000,0.00000,0.00000,0.00000,0.00000,0.00000,0.00000,0.00000,0.00000,0.00000,0.00000,0.00000,0.00000,0.00000,0.00000,0.00000,0.00000,0.00000,0.50000,0.50000,0.50000,0.50000,0.50000,0.50000,0.50000,0.50000,0.50000,0.50000,0.00000,0.00000,0.00000,0.00000,0.00000,0.00000,0.00000,0.00000,0.00000,-0.50000,-0.50000,-0.50000,-0.50000,-0.50000,-0.50000,-0.50000,-0.50000,-0.50000,-0.50000,0.00000,0.00000,0.00000,0.00000,0.00000,0.00000,0.00000,0.00000,0.00000,0.00000,0.00000,0.00000,0.00000,0.00000,0.00000,0.00000,0.00000,0.00000,0.00000,0.00000,0.00000,0.00000,0.00000,0.00000,0.00000,0.00000,0.00000,0.00000,0.00000,0.00000,0.00000,0.00000,0.00000,0.00000,0.00000,
0.600,0.00000,0.00000,0.00000,0.00000,0.00000,0.00000,0.00000,0.00000,0.00000,0.00000,0.00000,0.00000,0.00000,0.00000,0.00000,0.00000,0.00000,0.00000,0.00000,0.00000,0.00000,0.00000,0.00000,0.00000,0.00000,0.00000,0.00000,0.00000,0.00000,0.00000,0.00000,0.00000,0.00000,0.00000,0.00000,0.50000,0.50000,0.50000,0.50000,0.50000,0.50000,0.50000,0.50000,0.50000,0.50000,0.50000,0.50000,0.00000,0.00000,0.00000,0.00000,0.00000,0.00000,0.00000,-0.50000,-0.50000,-0.50000,-0.50000,-0.50000,-0.50000,-0.50000,-0.50000,-0.50000,-0.50000,-0.50000,-0.50000,0.00000,0.00000,0.00000,0.00000,0.00000,0.00000,0.00000,0.00000,0.00000,0.00000,0.00000,0.00000,0.00000,0.00000,0.00000,0.00000,0.00000,0.00000,0.00000,0.00000,0.00000,0.00000,0.00000,0.00000,0.00000,0.00000,0.00000,0.00000,0.00000,0.00000,0.00000,0.00000,0.00000,0.00000,
0.700,0.00000,0.00000,0.00000,0.00000,0.00000,0.00000,0.00000,0.00000,0.00000,0.00000,0.00000,0.00000,0.00000,0.00000,0.00000,0.00000,0.00000,0.00000,0.00000,0.00000,0.00000,0.00000,0.00000,0.00000,0.00000,0.00000,0.00000,0.00000,0.00000,0.00000,0.00000,0.00000,0.00000,0.00000,0.50000,0.50000,0.50000,0.50000,0.50000,0.50000,0.50000,0.50000,0.50000,0.50000,0.50000,0.50000,0.50000,0.50000,0.00000,0.00000,0.00000,0.00000,0.00000,-0.50000,-0.50000,-0.50000,-0.50000,-0.50000,-0.50000,-0.50000,-0.50000,-0.50000,-0.50000,-0.50000,-0.50000,-0.50000,-0.50000,0.00000,0.00000,0.00000,0.00000,0.00000,0.00000,0.00000,0.00000,0.00000,0.00000,0.00000,0.00000,0.00000,0.00000,0.00000,0.00000,0.00000,0.00000,0.00000,0.00000,0.00000,0.00000,0.00000,0.00000,0.00000,0.00000,0.00000,0.00000,0.00000,0.00000,0.00000,0.00000,0.00000,
0.800,0.00000,0.00000,0.00000,0.00000,0.00000,0.00000,0.00000,0.00000,0.00000,0.00000,0.00000,0.00000,0.00000,0.00000,0.00000,0.00000,0.00000,0.00000,0.00000,0.00000,0.00000,0.00000,0.00000,0.00000,0.00000,0.00000,0.00000,0.00000,0.00000,0.00000,0.00000,0.00000,0.00000,0.50000,0.50000,0.50000,0.50000,0.50000,0.50000,0.50000,0.50000,0.50000,0.50000,0.50000,0.50000,0.50000,0.50000,0.50000,0.50000,0.00000,0.00000,0.00000,-0.50000,-0.50000,-0.50000,-0.50000,-0.50000,-0.50000,-0.50000,-0.50000,-0.50000,-0.50000,-0.50000,-0.50000,-0.50000,-0.50000,-0.50000,-0.50000,0.00000,0.00000,0.00000,0.00000,0.00000,0.00000,0.00000,0.00000,0.00000,0.00000,0.00000,0.00000,0.00000,0.00000,0.00000,0.00000,0.00000,0.00000,0.00000,0.00000,0.00000,0.00000,0.00000,0.00000,0.00000,0.00000,0.00000,0.00000,0.00000,0.00000,0.00000,0.00000,
0.900,0.00000,0.00000,0.00000,0.00000,0.00000,0.00000,0.00000,0.00000,0.00000,0.00000,0.00000,0.00000,0.00000,0.00000,0.00000,0.00000,0.00000,0.00000,0.00000,0.00000,0.00000,0.00000,0.00000,0.00000,0.00000,0.00000,0.00000,0.00000,0.00000,0.00000,0.00000,0.00000,0.50000,0.50000,0.50000,0.50000,0.50000,0.50000,0.50000,0.50000,0.50000,0.50000,0.50000,0.50000,0.50000,0.50000,0.50000,0.50000,0.50000,0.50000,0.00000,-0.50000,-0.50000,-0.50000,-0.50000,-0.50000,-0.50000,-0.50000,-0.50000,-0.50000,-0.50000,-0.50000,-0.50000,-0.50000,-0.50000,-0.50000,-0.50000,-0.50000,-0.50000,0.00000,0.00000,0.00000,0.00000,0.00000,0.00000,0.00000,0.00000,0.00000,0.00000,0.00000,0.00000,0.00000,0.00000,0.00000,0.00000,0.00000,0.00000,0.00000,0.00000,0.00000,0.00000,0.00000,0.00000,0.00000,0.00000,0.00000,0.00000,0.00000,0.00000,0.00000,
1.000,0.00000,0.00000,0.00000,0.00000,0.00000,0.00000,0.00000,0.00000,0.00000,0.00000,0.00000,0.00000,0.00000,0.00000,0.00000,0.00000,0.00000,0.00000,0.00000,0.00000,0.00000,0.00000,0.00000,0.00000,0.00000,0.00000,0.00000,0.00000,0.00000,0.00000,0.00000,0.50000,0.50000,0.50000,0.50000,0.50000,0.50000,0.50000,0.50000,0.50000,0.50000,0.50000,0.50000,0.50000,0.50000,0.50000,0.50000,0.50000,0.50000,0.50000,0.00000,-0.50000,-0.50000,-0.50000,-0.50000,-0.50000,-0.50000,-0.50000,-0.50000,-0.50000,-0.50000,-0.50000,-0.50000,-0.50000,-0.50000,-0.50000,-0.50000,-0.50000,-0.50000,-0.50000,0.00000,0.00000,0.00000,0.00000,0.00000,0.00000,0.00000,0.00000,0.00000,0.00000,0.00000,0.00000,0.00000,0.00000,0.00000,0.00000,0.00000,0.00000,0.00000,0.00000,0.00000,0.00000,0.00000,0.00000,0.00000,0.00000,0.00000,0.00000,0.00000,0.00000,
1.100,0.00000,0.00000,0.00000,0.00000,0.00000,0.00000,0.00000,0.00000,0.00000,0.00000,0.00000,0.00000,0.00000,0.00000,0.00000,0.00000,0.00000,0.00000,0.00000,0.00000,0.00000,0.00000,0.00000,0.00000,0.00000,0.00000,0.00000,0.00000,0.00000,0.00000,0.50000,0.50000,0.50000,0.50000,0.50000,0.50000,0.50000,0.50000,0.50000,0.50000,0.50000,0.50000,0.50000,0.50000,0.50000,0.50000,0.50000,0.50000,0.50000,0.00000,0.00000,0.00000,-0.50000,-0.50000,-0.50000,-0.50000,-0.50000,-0.50000,-0.50000,-0.50000,-0.50000,-0.50000,-0.50000,-0.50000,-0.50000,-0.50000,-0.50000,-0.50000,-0.50000,-0.50000,-0.50000,0.00000,0.00000,0.00000,0.00000,0.00000,0.00000,0.00000,0.00000,0.00000,0.00000,0.00000,0.00000,0.00000,0.00000,0.00000,0.00000,0.00000,0.00000,0.00000,0.00000,0.00000,0.00000,0.00000,0.00000,0.00000,0.00000,0.00000,0.00000,0.00000,
1.200,0.00000,0.00000,0.00000,0.00000,0.00000,0.00000,0.00000,0.00000,0.00000,0.00000,0.00000,0.00000,0.00000,0.00000,0.00000,0.00000,0.00000,0.00000,0.00000,0.00000,0.00000,0.00000,0.00000,0.00000,0.00000,0.00000,0.00000,0.00000,0.00000,0.50000,0.50000,0.50000,0.50000,0.50000,0.50000,0.50000,0.50000,0.50000,0.50000,0.50000,0.50000,0.50000,0.50000,0.50000,0.50000,0.50000,0.50000,0.50000,0.00000,0.00000,0.00000,0.00000,0.00000,-0.50000,-0.50000,-0.50000,-0.50000,-0.50000,-0.50000,-0.50000,-0.50000,-0.50000,-0.50000,-0.50000,-0.50000,-0.50000,-0.50000,-0.50000,-0.50000,-0.50000,-0.50000,-0.50000,0.00000,0.00000,0.00000,0.00000,0.00000,0.00000,0.00000,0.00000,0.00000,0.00000,0.00000,0.00000,0.00000,0.00000,0.00000,0.00000,0.00000,0.00000,0.00000,0.00000,0.00000,0.00000,0.00000,0.00000,0.00000,0.00000,0.00000,0.00000,
1.300,0.00000,0.00000,0.00000,0.00000,0.00000,0.00000,0.00000,0.00000,0.00000,0.00000,0.00000,0.00000,0.00000,0.00000,0.00000,0.00000,0.00000,0.00000,0.00000,0.00000,0.00000,0.00000,0.00000,0.00000,0.00000,0.00000,0.00000,0.00000,0.50000,0.50000,0.50000,0.50000,0.50000,0.50000,0.50000,0.50000,0.50000,0.50000,0.50000,0.50000,0.50000,0.50000,0.50000,0.50000,0.50000,0.50000,0.50000,0.00000,0.00000,0.00000,0.00000,0.00000,0.00000,0.00000,-0.50000,-0.50000,-0.50000,-0.50000,-0.50000,-0.50000,-0.50000,-0.50000,-0.50000,-0.50000,-0.50000,-0.50000,-0.50000,-0.50000,-0.50000,-0.50000,-0.50000,-0.50000,-0.50000,0.00000,0.00000,0.00000,0.00000,0.00000,0.00000,0.00000,0.00000,0.00000,0.00000,0.00000,0.00000,0.00000,0.00000,0.00000,0.00000,0.00000,0.00000,0.00000,0.00000,0.00000,0.00000,0.00000,0.00000,0.00000,0.00000,0.00000,
1.400,0.00000,0.00000,0.00000,0.00000,0.00000,0.00000,0.00000,0.00000,0.00000,0.00000,0.00000,0.00000,0.00000,0.00000,0.00000,0.00000,0.00000,0.00000,0.00000,0.00000,0.00000,0.00000,0.00000,0.00000,0.00000,0.00000,0.00000,0.50000,0.50000,0.50000,0.50000,0.50000,0.50000,0.50000,0.50000,0.50000,0.50000,0.50000,0.50000,0.50000,0.50000,0.50000,0.50000,0.50000,0.50000,0.50000,0.00000,0.00000,0.00000,0.00000,0.00000,0.00000,0.00000,0.00000,0.00000,-0.50000,-0.50000,-0.50000,-0.50000,-0.50000,-0.50000,-0.50000,-0.50000,-0.50000,-0.50000,-0.50000,-0.50000,-0.50000,-0.50000,-0.50000,-0.50000,-0.50000,-0.50000,-0.50000,0.00000,0.00000,0.00000,0.00000,0.00000,0.00000,0.00000,0.00000,0.00000,0.00000,0.00000,0.00000,0.00000,0.00000,0.00000,0.00000,0.00000,0.00000,0.00000,0.00000,0.00000,0.00000,0.00000,0.00000,0.00000,0.00000,
1.500,0.00000,0.00000,0.00000,0.00000,0.00000,0.00000,0.00000,0.00000,0.00000,0.00000,0.00000,0.00000,0.00000,0.00000,0.00000,0.00000,0.00000,0.00000,0.00000,0.00000,0.00000,0.00000,0.00000,0.00000,0.00000,0.00000,0.50000,0.50000,0.50000,0.50000,0.50000,0.50000,0.50000,0.50000,0.50000,0.50000,0.50000,0.50000,0.50000,0.50000,0.50000,0.50000,0.50000,0.50000,0.50000,0.00000,0.00000,0.00000,0.00000,0.00000,0.00000,0.00000,0.00000,0.00000,0.00000,0.00000,-0.50000,-0.50000,-0.50000,-0.50000,-0.50000,-0.50000,-0.50000,-0.50000,-0.50000,-0.50000,-0.50000,-0.50000,-0.50000,-0.50000,-0.50000,-0.50000,-0.50000,-0.50000,-0.50000,0.00000,0.00000,0.00000,0.00000,0.00000,0.00000,0.00000,0.00000,0.00000,0.00000,0.00000,0.00000,0.00000,0.00000,0.00000,0.00000,0.00000,0.00000,0.00000,0.00000,0.00000,0.00000,0.00000,0.00000,0.00000,
1.600,0.00000,0.00000,0.00000,0.00000,0.00000,0.00000,0.00000,0.00000,0.00000,0.00000,0.00000,0.00000,0.00000,0.00000,0.00000,0.00000,0.00000,0.00000,0.00000,0.00000,0.00000,0.00000,0.00000,0.00000,0.00000,0.50000,0.50000,0.50000,0.50000,0.50000,0.50000,0.50000,0.50000,0.50000,0.50000,0.50000,0.50000,0.50000,0.50000,0.50000,0.50000,0.50000,0.50000,0.50000,0.00000,0.00000,0.00000,0.00000,0.00000,0.00000,0.00000,0.00000,0.00000,0.00000,0.00000,0.00000,0.00000,-0.50000,-0.50000,-0.50000,-0.50000,-0.50000,-0.50000,-0.50000,-0.50000,-0.50000,-0.50000,-0.50000,-0.50000,-0.50000,-0.50000,-0.50000,-0.50000,-0.50000,-0.50000,-0.50000,0.00000,0.00000,0.00000,0.00000,0.00000,0.00000,0.00000,0.00000,0.00000,0.00000,0.00000,0.00000,0.00000,0.00000,0.00000,0.00000,0.00000,0.00000,0.00000,0.00000,0.00000,0.00000,0.00000,0.00000,
1.700,0.00000,0.00000,0.00000,0.00000,0.00000,0.00000,0.00000,0.00000,0.00000,0.00000,0.00000,0.00000,0.00000,0.00000,0.00000,0.00000,0.00000,0.00000,0.00000,0.00000,0.00000,0.00000,0.00000,0.00000,0.50000,0.50000,0.50000,0.50000,0.50000,0.50000,0.50000,0.50000,0.50000,0.50000,0.50000,0.50000,0.50000,0.50000,0.50000,0.50000,0.50000,0.50000,0.50000,0.00000,0.00000,0.00000,0.00000,0.00000,0.00000,0.00000,0.00000,0.00000,0.00000,0.00000,0.00000,0.00000,0.00000,0.00000,-0.50000,-0.50000,-0.50000,-0.50000,-0.50000,-0.50000,-0.50000,-0.50000,-0.50000,-0.50000,-0.50000,-0.50000,-0.50000,-0.50000,-0.50000,-0.50000,-0.50000,-0.50000,-0.50000,0.00000,0.00000,0.00000,0.00000,0.00000,0.00000,0.00000,0.00000,0.00000,0.00000,0.00000,0.00000,0.00000,0.00000,0.00000,0.00000,0.00000,0.00000,0.00000,0.00000,0.00000,0.00000,0.00000,
1.800,0.00000,0.00000,0.00000,0.00000,0.00000,0.00000,0.00000,0.00000,0.00000,0.00000,0.00000,0.00000,0.00000,0.00000,0.00000,0.00000,0.00000,0.00000,0.00000,0.00000,0.00000,0.00000,0.00000,0.50000,0.50000,0.50000,0.50000,0.50000,0.50000,0.50000,0.50000,0.50000,0.50000,0.50000,0.50000,0.50000,0.50000,0.50000,0.50000,0.50000,0.50000,0.50000,0.00000,0.00000,0.00000,0.00000,0.00000,0.00000,0.00000,0.00000,0.00000,0.00000,0.00000,0.00000,0.00000,0.00000,0.00000,0.00000,0.00000,-0.50000,-0.50000,-0.50000,-0.50000,-0.50000,-0.50000,-0.50000,-0.50000,-0.50000,-0.50000,-0.50000,-0.50000,-0.50000,-0.50000,-0.50000,-0.50000,-0.50000,-0.50000,-0.50000,0.00000,0.00000,0.00000,0.00000,0.00000,0.00000,0.00000,0.00000,0.00000,0.00000,0.00000,0.00000,0.00000,0.00000,0.00000,0.00000,0.00000,0.00000,0.00000,0.00000,0.00000,0.00000,
1.900,0.00000,0.00000,0.00000,0.00000,0.00000,0.00000,0.00000,0.00000,0.00000,0.00000,0.00000,0.00000,0.00000,0.00000,0.00000,0.00000,0.00000,0.00000,0.00000,0.00000,0.00000,0.00000,0.50000,0.50000,0.50000,0.50000,0.50000,0.50000,0.50000,0.50000,0.50000,0.50000,0.50000,0.50000,0.50000,0.50000,0.50000,0.50000,0.50000,0.50000,0.50000,0.00000,0.00000,0.00000,0.00000,0.00000,0.00000,0.00000,0.00000,0.00000,0.00000,0.00000,0.00000,0.00000,0.00000,0.00000,0.00000,0.00000,0.00000,0.00000,-0.50000,-0.50000,-0.50000,-0.50000,-0.50000,-0.50000,-0.50000,-0.50000,-0.50000,-0.50000,-0.50000,-0.50000,-0.50000,-0.50000,-0.50000,-0.50000,-0.50000,-0.50000,-0.50000,0.00000,0.00000,0.00000,0.00000,0.00000,0.00000,0.00000,0.00000,0.00000,0.00000,0.00000,0.00000,0.00000,0.00000,0.00000,0.00000,0.00000,0.00000,0.00000,0.00000,0.00000,
2.000,0.00000,0.00000,0.00000,0.00000,0.00000,0.00000,0.00000,0.00000,0.00000,0.00000,0.00000,0.00000,0.00000,0.00000,0.00000,0.00000,0.00000,0.00000,0.00000,0.00000,0.00000,0.50000,0.50000,0.50000,0.50000,0.50000,0.50000,0.50000,0.50000,0.50000,0.50000,0.50000,0.50000,0.50000,0.50000,0.50000,0.50000,0.50000,0.50000,0.50000,0.00000,0.00000,0.00000,0.00000,0.00000,0.00000,0.00000,0.00000,0.00000,0.00000,0.00000,0.00000,0.00000,0.00000,0.00000,0.00000,0.00000,0.00000,0.00000,0.00000,0.00000,-0.50000,-0.50000,-0.50000,-0.50000,-0.50000,-0.50000,-0.50000,-0.50000,-0.50000,-0.50000,-0.50000,-0.50000,-0.50000,-0.50000,-0.50000,-0.50000,-0.50000,-0.50000,-0.50000,0.00000,0.00000,0.00000,0.00000,0.00000,0.00000,0.00000,0.00000,0.00000,0.00000,0.00000,0.00000,0.00000,0.00000,0.00000,0.00000,0.00000,0.00000,0.00000,0.00000,
2.100,0.00000,0.00000,0.00000,0.00000,0.00000,0.00000,0.00000,0.00000,0.00000,0.00000,0.00000,0.00000,0.00000,0.00000,0.00000,0.00000,0.00000,0.00000,0.00000,0.00000,0.50000,0.50000,0.50000,0.50000,0.50000,0.50000,0.50000,0.50000,0.50000,0.50000,0.50000,0.50000,0.50000,0.50000,0.50000,0.50000,0.50000,0.50000,0.50000,0.00000,0.00000,0.00000,0.00000,0.00000,0.00000,0.00000,0.00000,0.00000,0.00000,0.00000,0.00000,0.00000,0.00000,0.00000,0.00000,0.00000,0.00000,0.00000,0.00000,0.00000,0.00000,0.00000,-0.50000,-0.50000,-0.50000,-0.50000,-0.50000,-0.50000,-0.50000,-0.50000,-0.50000,-0.50000,-0.50000,-0.50000,-0.50000,-0.50000,-0.50000,-0.50000,-0.50000,-0.50000,-0.50000,0.00000,0.00000,0.00000,0.00000,0.00000,0.00000,0.00000,0.00000,0.00000,0.00000,0.00000,0.00000,0.00000,0.00000,0.00000,0.00000,0.00000,0.00000,0.00000,
2.200,0.00000,0.00000,0.00000,0.00000,0.00000,0.00000,0.00000,0.00000,0.00000,0.00000,0.00000,0.00000,0.00000,0.00000,0.00000,0.00000,0.00000,0.00000,0.00000,0.50000,0.50000,0.50000,0.50000,0.50000,0.50000,0.50000,0.50000,0.50000,0.50000,0.50000,0.50000,0.50000,0.50000,0.50000,0.50000,0.50000,0.50000,0.50000,0.00000,0.00000,0.00000,0.00000,0.00000,0.00000,0.00000,0.00000,0.00000,0.00000,0.00000,0.00000,0.00000,0.00000,0.00000,0.00000,0.00000,0.00000,0.00000,0.00000,0.00000,0.00000,0.00000,0.00000,0.00000,-0.50000,-0.50000,-0.50000,-0.50000,-0.50000,-0.50000,-0.50000,-0.50000,-0.50000,-0.50000,-0.50000,-0.50000,-0.50000,-0.50000,-0.50000,-0.50000,-0.50000,-0.50000,-0.50000,0.00000,0.00000,0.00000,0.00000,0.00000,0.00000,0.00000,0.00000,0.00000,0.00000,0.00000,0.00000,0.00000,0.00000,0.00000,0.00000,0.00000,0.00000,
2.300,0.00000,0.00000,0.00000,0.00000,0.00000,0.00000,0.00000,0.00000,0.00000,0.00000,0.00000,0.00000,0.00000,0.00000,0.00000,0.00000,0.00000,0.00000,0.50000,0.50000,0.50000,0.50000,0.50000,0.50000,0.50000,0.50000,0.50000,0.50000,0.50000,0.50000,0.50000,0.50000,0.50000,0.50000,0.50000,0.50000,0.50000,0.00000,0.00000,0.00000,0.00000,0.00000,0.00000,0.00000,0.00000,0.00000,0.00000,0.00000,0.00000,0.00000,0.00000,0.00000,0.00000,0.00000,0.00000,0.00000,0.00000,0.00000,0.00000,0.00000,0.00000,0.00000,0.00000,0.00000,-0.50000,-0.50000,-0.50000,-0.50000,-0.50000,-0.50000,-0.50000,-0.50000,-0.50000,-0.50000,-0.50000,-0.50000,-0.50000,-0.50000,-0.50000,-0.50000,-0.50000,-0.50000,-0.50000,0.00000,0.00000,0.00000,0.00000,0.00000,0.00000,0.00000,0.00000,0.00000,0.00000,0.00000,0.00000,0.00000,0.00000,0.00000,0.00000,0.00000,
2.400,0.00000,0.00000,0.00000,0.00000,0.00000,0.00000,0.00000,0.00000,0.00000,0.00000,0.00000,0.00000,0.00000,0.00000,0.00000,0.00000,0.00000,0.50000,0.50000,0.50000,0.50000,0.50000,0.50000,0.50000,0.50000,0.50000,0.50000,0.50000,0.50000,0.50000,0.50000,0.50000,0.50000,0.50000,0.50000,0.50000,0.00000,0.00000,0.00000,0.00000,0.00000,0.00000,0.00000,0.00000,0.00000,0.00000,0.00000,0.00000,0.00000,0.00000,0.00000,0.00000,0.00000,0.00000,0.00000,0.00000,0.00000,0.00000,0.00000,0.00000,0.00000,0.00000,0.00000,0.00000,0.00000,-0.50000,-0.50000,-0.50000,-0.50000,-0.50000,-0.50000,-0.50000,-0.50000,-0.50000,-0.50000,-0.50000,-0.50000,-0.50000,-0.50000,-0.50000,-0.50000,-0.50000,-0.50000,-0.50000,0.00000,0.00000,0.00000,0.00000,0.00000,0.00000,0.00000,0.00000,0.00000,0.00000,0.00000,0.00000,0.00000,0.00000,0.00000,0.00000,
2.500,0.00000,0.00000,0.00000,0.00000,0.00000,0.00000,0.00000,0.00000,0.00000,0.00000,0.00000,0.00000,0.00000,0.00000,0.00000,0.00000,0.50000,0.50000,0.50000,0.50000,0.50000,0.50000,0.50000,0.50000,0.50000,0.50000,0.50000,0.50000,0.50000,0.50000,0.50000,0.50000,0.50000,0.50000,0.50000,0.00000,0.00000,0.00000,0.00000,0.00000,0.00000,0.00000,0.00000,0.00000,0.00000,0.00000,0.00000,0.00000,0.00000,0.00000,0.00000,0.00000,0.00000,0.00000,0.00000,0.00000,0.00000,0.00000,0.00000,0.00000,0.00000,0.00000,0.00000,0.00000,0.00000,0.00000,-0.50000,-0.50000,-0.50000,-0.50000,-0.50000,-0.50000,-0.50000,-0.50000,-0.50000,-0.50000,-0.50000,-0.50000,-0.50000,-0.50000,-0.50000,-0.50000,-0.50000,-0.50000,-0.50000,0.00000,0.00000,0.00000,0.00000,0.00000,0.00000,0.00000,0.00000,0.00000,0.00000,0.00000,0.00000,0.00000,0.00000,0.00000,
2.600,0.00000,0.00000,0.00000,0.00000,0.00000,0.00000,0.00000,0.00000,0.00000,0.00000,0.00000,0.00000,0.00000,0.00000,0.00000,0.50000,0.50000,0.50000,0.50000,0.50000,0.50000,0.50000,0.50000,0.50000,0.50000,0.50000,0.50000,0.50000,0.50000,0.50000,0.50000,0.50000,0.50000,0.50000,0.00000,0.00000,0.00000,0.00000,0.00000,0.00000,0.00000,0.00000,0.00000,0.00000,0.00000,0.00000,0.00000,0.00000,0.00000,0.00000,0.00000,0.00000,0.00000,0.00000,0.00000,0.00000,0.00000,0.00000,0.00000,0.00000,0.00000,0.00000,0.00000,0.00000,0.00000,0.00000,0.00000,-0.50000,-0.50000,-0.50000,-0.50000,-0.50000,-0.50000,-0.50000,-0.50000,-0.50000,-0.50000,-0.50000,-0.50000,-0.50000,-0.50000,-0.50000,-0.50000,-0.50000,-0.50000,-0.50000,0.00000,0.00000,0.00000,0.00000,0.00000,0.00000,0.00000,0.00000,0.00000,0.00000,0.00000,0.00000,0.00000,0.00000,
2.700,0.00000,0.00000,0.00000,0.00000,0.00000,0.00000,0.00000,0.00000,0.00000,0.00000,0.00000,0.00000,0.00000,0.00000,0.50000,0.50000,0.50000,0.50000,0.50000,0.50000,0.50000,0.50000,0.50000,0.50000,0.50000,0.50000,0.50000,0.50000,0.50000,0.50000,0.50000,0.50000,0.50000,0.00000,0.00000,0.00000,0.00000,0.00000,0.00000,0.00000,0.00000,0.00000,0.00000,0.00000,0.00000,0.00000,0.00000,0.00000,0.00000,0.00000,0.00000,0.00000,0.00000,0.00000,0.00000,0.00000,0.00000,0.00000,0.00000,0.00000,0.00000,0.00000,0.00000,0.00000,0.00000,0.00000,0.00000,0.00000,-0.50000,-0.50000,-0.50000,-0.50000,-0.50000,-0.50000,-0.50000,-0.50000,-0.50000,-0.50000,-0.50000,-0.50000,-0.50000,-0.50000,-0.50000,-0.50000,-0.50000,-0.50000,-0.50000,0.00000,0.00000,0.00000,0.00000,0.00000,0.00000,0.00000,0.00000,0.00000,0.00000,0.00000,0.00000,0.00000,
2.800,0.00000,0.00000,0.00000,0.00000,0.00000,0.00000,0.00000,0.00000,0.00000,0.00000,0.00000,0.00000,0.00000,0.50000,0.50000,0.50000,0.50000,0.50000,0.50000,0.50000,0.50000,0.50000,0.50000,0.50000,0.50000,0.50000,0.50000,0.50000,0.50000,0.50000,0.50000,0.50000,0.00000,0.00000,0.00000,0.00000,0.00000,0.00000,0.00000,0.00000,0.00000,0.00000,0.00000,0.00000,0.00000,0.00000,0.00000,0.00000,0.00000,0.00000,0.00000,0.00000,0.00000,0.00000,0.00000,0.00000,0.00000,0.00000,0.00000,0.00000,0.00000,0.00000,0.00000,0.00000,0.00000,0.00000,0.00000,0.00000,0.00000,-0.50000,-0.50000,-0.50000,-0.50000,-0.50000,-0.50000,-0.50000,-0.50000,-0.50000,-0.50000,-0.50000,-0.50000,-0.50000,-0.50000,-0.50000,-0.50000,-0.50000,-0.50000,-0.50000,0.00000,0.00000,0.00000,0.00000,0.00000,0.00000,0.00000,0.00000,0.00000,0.00000,0.00000,0.00000,
2.900,0.00000,0.00000,0.00000,0.00000,0.00000,0.00000,0.00000,0.00000,0.00000,0.00000,0.00000,0.00000,0.50000,0.50000,0.50000,0.50000,0.50000,0.50000,0.50000,0.50000,0.50000,0.50000,0.50000,0.50000,0.50000,0.50000,0.50000,0.50000,0.50000,0.50000,0.50000,0.00000,0.00000,0.00000,0.00000,0.00000,0.00000,0.00000,0.00000,0.00000,0.00000,0.00000,0.00000,0.00000,0.00000,0.00000,0.00000,0.00000,0.00000,0.00000,0.00000,0.00000,0.00000,0.00000,0.00000,0.00000,0.00000,0.00000,0.00000,0.00000,0.00000,0.00000,0.00000,0.00000,0.00000,0.00000,0.00000,0.00000,0.00000,0.00000,-0.50000,-0.50000,-0.50000,-0.50000,-0.50000,-0.50000,-0.50000,-0.50000,-0.50000,-0.50000,-0.50000,-0.50000,-0.50000,-0.50000,-0.50000,-0.50000,-0.50000,-0.50000,-0.50000,0.00000,0.00000,0.00000,0.00000,0.00000,0.00000,0.00000,0.00000,0.00000,0.00000,0.00000,
3.000,0.00000,0.00000,0.00000,0.00000,0.00000,0.00000,0.00000,0.00000,0.00000,0.00000,0.00000,0.50000,0.50000,0.50000,0.50000,0.50000,0.50000,0.50000,0.50000,0.50000,0.50000,0.50000,0.50000,0.50000,0.50000,0.50000,0.50000,0.50000,0.50000,0.50000,0.00000,0.00000,0.00000,0.00000,0.00000,0.00000,0.00000,0.00000,0.00000,0.00000,0.00000,0.00000,0.00000,0.00000,0.00000,0.00000,0.00000,0.00000,0.00000,0.00000,0.00000,0.00000,0.00000,0.00000,0.00000,0.00000,0.00000,0.00000,0.00000,0.00000,0.00000,0.00000,0.00000,0.00000,0.00000,0.00000,0.00000,0.00000,0.00000,0.00000,0.00000,-0.50000,-0.50000,-0.50000,-0.50000,-0.50000,-0.50000,-0.50000,-0.50000,-0.50000,-0.50000,-0.50000,-0.50000,-0.50000,-0.50000,-0.50000,-0.50000,-0.50000,-0.50000,-0.50000,0.00000,0.00000,0.00000,0.00000,0.00000,0.00000,0.00000,0.00000,0.00000,0.00000,
3.100,0.00000,0.00000,0.00000,0.00000,0.00000,0.00000,0.00000,0.00000,0.00000,0.00000,0.50000,0.50000,0.50000,0.50000,0.50000,0.50000,0.50000,0.50000,0.50000,0.50000,0.50000,0.50000,0.50000,0.50000,0.50000,0.50000,0.50000,0.50000,0.50000,0.00000,0.00000,0.00000,0.00000,0.00000,0.00000,0.00000,0.00000,0.00000,0.00000,0.00000,0.00000,0.00000,0.00000,0.00000,0.00000,0.00000,0.00000,0.00000,0.00000,0.00000,0.00000,0.00000,0.00000,0.00000,0.00000,0.00000,0.00000,0.00000,0.00000,0.00000,0.00000,0.00000,0.00000,0.00000,0.00000,0.00000,0.00000,0.00000,0.00000,0.00000,0.00000,0.00000,-0.50000,-0.50000,-0.50000,-0.50000,-0.50000,-0.50000,-0.50000,-0.50000,-0.50000,-0.50000,-0.50000,-0.50000,-0.50000,-0.50000,-0.50000,-0.50000,-0.50000,-0.50000,-0.50000,0.00000,0.00000,0.00000,0.00000,0.00000,0.00000,0.00000,0.00000,0.00000,
3.200,0.00000,0.00000,0.00000,0.00000,0.00000,0.00000,0.00000,0.00000,0.00000,0.50000,0.50000,0.50000,0.50000,0.50000,0.50000,0.50000,0.50000,0.50000,0.50000,0.50000,0.50000,0.50000,0.50000,0.50000,0.50000,0.50000,0.50000,0.50000,0.00000,0.00000,0.00000,0.00000,0.00000,0.00000,0.00000,0.00000,0.00000,0.00000,0.00000,0.00000,0.00000,0.00000,0.00000,0.00000,0.00000,0.00000,0.00000,0.00000,0.00000,0.00000,0.00000,0.00000,0.00000,0.00000,0.00000,0.00000,0.00000,0.00000,0.00000,0.00000,0.00000,0.00000,0.00000,0.00000,0.00000,0.00000,0.00000,0.00000,0.00000,0.00000,0.00000,0.00000,0.00000,-0.50000,-0.50000,-0.50000,-0.50000,-0.50000,-0.50000,-0.50000,-0.50000,-0.50000,-0.50000,-0.50000,-0.50000,-0.50000,-0.50000,-0.50000,-0.50000,-0.50000,-0.50000,-0.50000,0.00000,0.00000,0.00000,0.00000,0.00000,0.00000,0.00000,0.00000,
3.300,0.00000,0.00000,0.00000,0.00000,0.00000,0.00000,0.00000,0.00000,0.50000,0.50000,0.50000,0.50000,0.50000,0.50000,0.50000,0.50000,0.50000,0.50000,0.50000,0.50000,0.50000,0.50000,0.50000,0.50000,0.50000,0.50000,0.50000,0.00000,0.00000,0.00000,0.00000,0.00000,0.00000,0.00000,0.00000,0.00000,0.00000,0.00000,0.00000,0.00000,0.00000,0.00000,0.00000,0.00000,0.00000,0.00000,0.00000,0.00000,0.00000,0.00000,0.00000,0.00000,0.00000,0.00000,0.00000,0.00000,0.00000,0.00000,0.00000,0.00000,0.00000,0.00000,0.00000,0.00000,0.00000,0.00000,0.00000,0.00000,0.00000,0.00000,0.00000,0.00000,0.00000,0.00000,-0.50000,-0.50000,-0.50000,-0.50000,-0.50000,-0.50000,-0.50000,-0.50000,-0.50000,-0.50000,-0.50000,-0.50000,-0.50000,-0.50000,-0.50000,-0.50000,-0.50000,-0.50000,-0.50000,0.00000,0.00000,0.00000,0.00000,0.00000,0.00000,0.00000,
3.400,0.00000,0.00000,0.00000,0.00000,0.00000,0.00000,0.00000,0.50000,0.50000,0.50000,0.50000,0.50000,0.50000,0.50000,0.50000,0.50000,0.50000,0.50000,0.50000,0.50000,0.50000,0.50000,0.50000,0.50000,0.50000,0.50000,0.00000,0.00000,0.00000,0.00000,0.00000,0.00000,0.00000,0.00000,0.00000,0.00000,0.00000,0.00000,0.00000,0.00000,0.00000,0.00000,0.00000,0.00000,0.00000,0.00000,0.00000,0.00000,0.00000,0.00000,0.00000,0.00000,0.00000,0.00000,0.00000,0.00000,0.00000,0.00000,0.00000,0.00000,0.00000,0.00000,0.00000,0.00000,0.00000,0.00000,0.00000,0.00000,0.00000,0.00000,0.00000,0.00000,0.00000,0.00000,0.00000,-0.50000,-0.50000,-0.50000,-0.50000,-0.50000,-0.50000,-0.50000,-0.50000,-0.50000,-0.50000,-0.50000,-0.50000,-0.50000,-0.50000,-0.50000,-0.50000,-0.50000,-0.50000,-0.50000,0.00000,0.00000,0.00000,0.00000,0.00000,0.00000,
3.500,0.00000,0.00000,0.00000,0.00000,0.00000,0.00000,0.50000,0.50000,0.50000,0.50000,0.50000,0.50000,0.50000,0.50000,0.50000,0.50000,0.50000,0.50000,0.50000,0.50000,0.50000,0.50000,0.50000,0.50000,0.50000,0.00000,0.00000,0.00000,0.00000,0.00000,0.00000,0.00000,0.00000,0.00000,0.00000,0.00000,0.00000,0.00000,0.00000,0.00000,0.00000,0.00000,0.00000,0.00000,0.00000,0.00000,0.00000,0.00000,0.00000,0.00000,0.00000,0.00000,0.00000,0.00000,0.00000,0.00000,0.00000,0.00000,0.00000,0.00000,0.00000,0.00000,0.00000,0.00000,0.00000,0.00000,0.00000,0.00000,0.00000,0.00000,0.00000,0.00000,0.00000,0.00000,0.00000,0.00000,-0.50000,-0.50000,-0.50000,-0.50000,-0.50000,-0.50000,-0.50000,-0.50000,-0.50000,-0.50000,-0.50000,-0.50000,-0.50000,-0.50000,-0.50000,-0.50000,-0.50000,-0.50000,-0.50000,0.00000,0.00000,0.00000,0.00000,0.00000,
3.600,0.00000,0.00000,0.00000,0.00000,0.00000,0.50000,0.50000,0.50000,0.50000,0.50000,0.50000,0.50000,0.50000,0.50000,0.50000,0.50000,0.50000,0.50000,0.50000,0.50000,0.50000,0.50000,0.50000,0.50000,0.00000,0.00000,0.00000,0.00000,0.00000,0.00000,0.00000,0.00000,0.00000,0.00000,0.00000,0.00000,0.00000,0.00000,0.00000,0.00000,0.00000,0.00000,0.00000,0.00000,0.00000,0.00000,0.00000,0.00000,0.00000,0.00000,0.00000,0.00000,0.00000,0.00000,0.00000,0.00000,0.00000,0.00000,0.00000,0.00000,0.00000,0.00000,0.00000,0.00000,0.00000,0.00000,0.00000,0.00000,0.00000,0.00000,0.00000,0.00000,0.00000,0.00000,0.00000,0.00000,0.00000,-0.50000,-0.50000,-0.50000,-0.50000,-0.50000,-0.50000,-0.50000,-0.50000,-0.50000,-0.50000,-0.50000,-0.50000,-0.50000,-0.50000,-0.50000,-0.50000,-0.50000,-0.50000,-0.50000,0.00000,0.00000,0.00000,0.00000,
3.700,0.00000,0.00000,0.00000,0.00000,0.50000,0.50000,0.50000,0.50000,0.50000,0.50000,0.50000,0.50000,0.50000,0.50000,0.50000,0.50000,0.50000,0.50000,0.50000,0.50000,0.50000,0.50000,0.50000,0.00000,0.00000,0.00000,0.00000,0.00000,0.00000,0.00000,0.00000,0.00000,0.00000,0.00000,0.00000,0.00000,0.00000,0.00000,0.00000,0.00000,0.00000,0.00000,0.00000,0.00000,0.00000,0.00000,0.00000,0.00000,0.00000,0.00000,0.00000,0.00000,0.00000,0.00000,0.00000,0.00000,0.00000,0.00000,0.00000,0.00000,0.00000,0.00000,0.00000,0.00000,0.00000,0.00000,0.00000,0.00000,0.00000,0.00000,0.00000,0.00000,0.00000,0.00000,0.00000,0.00000,0.00000,0.00000,-0.50000,-0.50000,-0.50000,-0.50000,-0.50000,-0.50000,-0.50000,-0.50000,-0.50000,-0.50000,-0.50000,-0.50000,-0.50000,-0.50000,-0.50000,-0.50000,-0.50000,-0.50000,-0.50000,0.00000,0.00000,0.00000,
3.800,0.00000,0.00000,0.00000,0.50000,0.50000,0.50000,0.50000,0.50000,0.50000,0.50000,0.50000,0.50000,0.50000,0.50000,0.50000,0.50000,0.50000,0.50000,0.50000,0.50000,0.50000,0.50000,0.00000,0.00000,0.00000,0.00000,0.00000,0.00000,0.00000,0.00000,0.00000,0.00000,0.00000,0.00000,0.00000,0.00000,0.00000,0.00000,0.00000,0.00000,0.00000,0.00000,0.00000,0.00000,0.00000,0.00000,0.00000,0.00000,0.00000,0.00000,0.00000,0.00000,0.00000,0.00000,0.00000,0.00000,0.00000,0.00000,0.00000,0.00000,0.00000,0.00000,0.00000,0.00000,0.00000,0.00000,0.00000,0.00000,0.00000,0.00000,0.00000,0.00000,0.00000,0.00000,0.00000,0.00000,0.00000,0.00000,0.00000,-0.50000,-0.50000,-0.50000,-0.50000,-0.50000,-0.50000,-0.50000,-0.50000,-0.50000,-0.50000,-0.50000,-0.50000,-0.50000,-0.50000,-0.50000,-0.50000,-0.50000,-0.50000,-0.50000,0.00000,0.00000,
3.900,0.00000,0.00000,0.50000,0.50000,0.50000,0.50000,0.50000,0.50000,0.50000,0.50000,0.50000,0.50000,0.50000,0.50000,0.50000,0.50000,0.50000,0.50000,0.50000,0.50000,0.50000,0.00000,0.00000,0.00000,0.00000,0.00000,0.00000,0.00000,0.00000,0.00000,0.00000,0.00000,0.00000,0.00000,0.00000,0.00000,0.00000,0.00000,0.00000,0.00000,0.00000,0.00000,0.00000,0.00000,0.00000,0.00000,0.00000,0.00000,0.00000,0.00000,0.00000,0.00000,0.00000,0.00000,0.00000,0.00000,0.00000,0.00000,0.00000,0.00000,0.00000,0.00000,0.00000,0.00000,0.00000,0.00000,0.00000,0.00000,0.00000,0.00000,0.00000,0.00000,0.00000,0.00000,0.00000,0.00000,0.00000,0.00000,0.00000,0.00000,-0.50000,-0.50000,-0.50000,-0.50000,-0.50000,-0.50000,-0.50000,-0.50000,-0.50000,-0.50000,-0.50000,-0.50000,-0.50000,-0.50000,-0.50000,-0.50000,-0.50000,-0.50000,-0.50000,0.00000,
4.000,0.00000,0.50000,0.50000,0.50000,0.50000,0.50000,0.50000,0.50000,0.50000,0.50000,0.50000,0.50000,0.50000,0.50000,0.50000,0.50000,0.50000,0.50000,0.50000,0.50000,0.00000,0.00000,0.00000,0.00000,0.00000,0.00000,0.00000,0.00000,0.00000,0.00000,0.00000,0.00000,0.00000,0.00000,0.00000,0.00000,0.00000,0.00000,0.00000,0.00000,0.00000,0.00000,0.00000,0.00000,0.00000,0.00000,0.00000,0.00000,0.00000,0.00000,0.00000,0.00000,0.00000,0.00000,0.00000,0.00000,0.00000,0.00000,0.00000,0.00000,0.00000,0.00000,0.00000,0.00000,0.00000,0.00000,0.00000,0.00000,0.00000,0.00000,0.00000,0.00000,0.00000,0.00000,0.00000,0.00000,0.00000,0.00000,0.00000,0.00000,0.00000,-0.50000,-0.50000,-0.50000,-0.50000,-0.50000,-0.50000,-0.50000,-0.50000,-0.50000,-0.50000,-0.50000,-0.50000,-0.50000,-0.50000,-0.50000,-0.50000,-0.50000,-0.50000,-1.00000,
4.100,1.00000,0.50000,0.50000,0.50000,0.50000,0.50000,0.50000,0.50000,0.50000,0.50000,0.50000,0.50000,0.50000,0.50000,0.50000,0.50000,0.50000,0.50000,0.50000,0.00000,0.00000,0.00000,0.00000,0.00000,0.00000,0.00000,0.00000,0.00000,0.00000,0.00000,0.00000,0.00000,0.00000,0.00000,0.00000,0.00000,0.00000,0.00000,0.00000,0.00000,0.00000,0.00000,0.00000,0.00000,0.00000,0.00000,0.00000,0.00000,0.00000,0.00000,0.00000,0.00000,0.00000,0.00000,0.00000,0.00000,0.00000,0.00000,0.00000,0.00000,0.00000,0.00000,0.00000,0.00000,0.00000,0.00000,0.00000,0.00000,0.00000,0.00000,0.00000,0.00000,0.00000,0.00000,0.00000,0.00000,0.00000,0.00000,0.00000,0.00000,0.00000,0.00000,-0.50000,-0.50000,-0.50000,-0.50000,-0.50000,-0.50000,-0.50000,-0.50000,-0.50000,-0.50000,-0.50000,-0.50000,-0.50000,-0.50000,-0.50000,-0.50000,-1.00000,-1.00000,
4.200,1.00000,1.00000,0.50000,0.50000,0.50000,0.50000,0.50000,0.50000,0.50000,0.50000,0.50000,0.50000,0.50000,0.50000,0.50000,0.50000,0.50000,0.50000,0.00000,0.00000,0.00000,0.00000,0.00000,0.00000,0.00000,0.00000,0.00000,0.00000,0.00000,0.00000,0.00000,0.00000,0.00000,0.00000,0.00000,0.00000,0.00000,0.00000,0.00000,0.00000,0.00000,0.00000,0.00000,0.00000,0.00000,0.00000,0.00000,0.00000,0.00000,0.00000,0.00000,0.00000,0.00000,0.00000,0.00000,0.00000,0.00000,0.00000,0.00000,0.00000,0.00000,0.00000,0.00000,0.00000,0.00000,0.00000,0.00000,0.00000,0.00000,0.00000,0.00000,0.00000,0.00000,0.00000,0.00000,0.00000,0.00000,0.00000,0.00000,0.00000,0.00000,0.00000,0.00000,-0.50000,-0.50000,-0.50000,-0.50000,-0.50000,-0.50000,-0.50000,-0.50000,-0.50000,-0.50000,-0.50000,-0.50000,-0.50000,-0.50000,-1.00000,-1.00000,-1.00000,
4.300,1.00000,1.00000,1.00000,0.50000,0.50000,0.50000,0.50000,0.50000,0.50000,0.50000,0.50000,0.50000,0.50000,0.50000,0.50000,0.50000,0.50000,0.00000,0.00000,0.00000,0.00000,0.00000,0.00000,0.00000,0.00000,0.00000,0.00000,0.00000,0.00000,0.00000,0.00000,0.00000,0.00000,0.00000,0.00000,0.00000,0.00000,0.00000,0.00000,0.00000,0.00000,0.00000,0.00000,0.00000,0.00000,0.00000,0.00000,0.00000,0.00000,0.00000,0.00000,0.00000,0.00000,0.00000,0.00000,0.00000,0.00000,0.00000,0.00000,0.00000,0.00000,0.00000,0.00000,0.00000,0.00000,0.00000,0.00000,0.00000,0.00000,0.00000,0.00000,0.00000,0.00000,0.00000,0.00000,0.00000,0.00000,0.00000,0.00000,0.00000,0.00000,0.00000,0.00000,0.00000,-0.50000,-0.50000,-0.50000,-0.50000,-0.50000,-0.50000,-0.50000,-0.50000,-0.50000,-0.50000,-0.50000,-0.50000,-1.00000,-1.00000,-1.00000,-1.00000,
4.400,1.00000,1.00000,1.00000,1.00000,0.50000,0.50000,0.50000,0.50000,0.50000,0.50000,0.50000,0.50000,0.50000,0.50000,0.50000,0.50000,0.00000,0.00000,0.00000,0.00000,0.00000,0.00000,0.00000,0.00000,0.00000,0.00000,0.00000,0.00000,0.00000,0.00000,0.00000,0.00000,0.00000,0.00000,0.00000,0.00000,0.00000,0.00000,0.00000,0.00000,0.00000,0.00000,0.00000,0.00000,0.00000,0.00000,0.00000,0.00000,0.00000,0.00000,0.00000,0.00000,0.00000,0.00000,0.00000,0.00000,0.00000,0.00000,0.00000,0.00000,0.00000,0.00000,0.00000,0.00000,0.00000,0.00000,0.00000,0.00000,0.00000,0.00000,0.00000,0.00000,0.00000,0.00000,0.00000,0.00000,0.00000,0.00000,0.00000,0.00000,0.00000,0.00000,0.00000,0.00000,0.00000,-0.50000,-0.50000,-0.50000,-0.50000,-0.50000,-0.50000,-0.50000,-0.50000,-0.50000,-0.50000,-1.00000,-1.00000,-1.00000,-1.00000,-1.00000,
4.500,1.00000,1.00000,1.00000,1.00000,1.00000,0.50000,0.50000,0.50000,0.50000,0.50000,0.50000,0.50000,0.50000,0.50000,0.50000,0.00000,0.00000,0.00000,0.00000,0.00000,0.00000,0.00000,0.00000,0.00000,0.00000,0.00000,0.00000,0.00000,0.00000,0.00000,0.00000,0.00000,0.00000,0.00000,0.00000,0.00000,0.00000,0.00000,0.00000,0.00000,0.00000,0.00000,0.00000,0.00000,0.00000,0.00000,0.00000,0.00000,0.00000,0.00000,0.00000,0.00000,0.00000,0.00000,0.00000,0.00000,0.00000,0.00000,0.00000,0.00000,0.00000,0.00000,0.00000,0.00000,0.00000,0.00000,0.00000,0.00000,0.00000,0.00000,0.00000,0.00000,0.00000,0.00000,0.00000,0.00000,0.00000,0.00000,0.00000,0.00000,0.00000,0.00000,0.00000,0.00000,0.00000,0.00000,-0.50000,-0.50000,-0.50000,-0.50000,-0.50000,-0.50000,-0.50000,-0.50000,-1.00000,-1.00000,-1.00000,-1.00000,-1.00000,-1.00000,
4.600,1.00000,1.00000,1.00000,1.00000,1.00000,1.00000,0.50000,0.50000,0.50000,0.50000,0.50000,0.50000,0.50000,0.50000,0.00000,0.00000,0.00000,0.00000,0.00000,0.00000,0.00000,0.00000,0.00000,0.00000,0.00000,0.00000,0.00000,0.00000,0.00000,0.00000,0.00000,0.00000,0.00000,0.00000,0.00000,0.00000,0.00000,0.00000,0.00000,0.00000,0.00000,0.00000,0.00000,0.00000,0.00000,0.00000,0.00000,0.00000,0.00000,0.00000,0.00000,0.00000,0.00000,0.00000,0.00000,0.00000,0.00000,0.00000,0.00000,0.00000,0.00000,0.00000,0.00000,0.00000,0.00000,0.00000,0.00000,0.00000,0.00000,0.00000,0.00000,0.00000,0.00000,0.00000,0.00000,0.00000,0.00000,0.00000,0.00000,0.00000,0.00000,0.00000,0.00000,0.00000,0.00000,0.00000,0.00000,-0.50000,-0.50000,-0.50000,-0.50000,-0.50000,-0.50000,-1.00000,-1.00000,-1.00000,-1.00000,-1.00000,-1.00000,-1.00000,
4.700,1.00000,1.00000,1.00000,1.00000,1.00000,1.00000,1.00000,0.50000,0.50000,0.50000,0.50000,0.50000,0.50000,0.00000,0.00000,0.00000,0.00000,0.00000,0.00000,0.00000,0.00000,0.00000,0.00000,0.00000,0.00000,0.00000,0.00000,0.00000,0.00000,0.00000,0.00000,0.00000,0.00000,0.00000,0.00000,0.00000,0.00000,0.00000,0.00000,0.00000,0.00000,0.00000,0.00000,0.00000,0.00000,0.00000,0.00000,0.00000,0.00000,0.00000,0.00000,0.00000,0.00000,0.00000,0.00000,0.00000,0.00000,0.00000,0.00000,0.00000,0.00000,0.00000,0.00000,0.00000,0.00000,0.00000,0.00000,0.00000,0.00000,0.00000,0.00000,0.00000,0.00000,0.00000,0.00000,0.00000,0.00000,0.00000,0.00000,0.00000,0.00000,0.00000,0.00000,0.00000,0.00000,0.00000,0.00000,0.00000,-0.50000,-0.50000,-0.50000,-0.50000,-1.00000,-1.00000,-1.00000,-1.00000,-1.00000,-1.00000,-1.00000,-1.00000,
4.800,1.00000,1.00000,1.00000,1.00000,1.00000,1.00000,1.00000,1.00000,0.50000,0.50000,0.50000,0.50000,0.00000,0.00000,0.00000,0.00000,0.00000,0.00000,0.00000,0.00000,0.00000,0.00000,0.00000,0.00000,0.00000,0.00000,0.00000,0.00000,0.00000,0.00000,0.00000,0.00000,0.00000,0.00000,0.00000,0.00000,0.00000,0.00000,0.00000,0.00000,0.00000,0.00000,0.00000,0.00000,0.00000,0.00000,0.00000,0.00000,0.00000,0.00000,0.00000,0.00000,0.00000,0.00000,0.00000,0.00000,0.00000,0.00000,0.00000,0.00000,0.00000,0.00000,0.00000,0.00000,0.00000,0.00000,0.00000,0.00000,0.00000,0.00000,0.00000,0.00000,0.00000,0.00000,0.00000,0.00000,0.00000,0.00000,0.00000,0.00000,0.00000,0.00000,0.00000,0.00000,0.00000,0.00000,0.00000,0.00000,0.00000,-0.50000,-0.50000,-1.00000,-1.00000,-1.00000,-1.00000,-1.00000,-1.00000,-1.00000,-1.00000,-1.00000,
4.900,1.00000,1.00000,1.00000,1.00000,1.00000,1.00000,1.00000,1.00000,1.00000,0.50000,0.50000,0.00000,0.00000,0.00000,0.00000,0.00000,0.00000,0.00000,0.00000,0.00000,0.00000,0.00000,0.00000,0.00000,0.00000,0.00000,0.00000,0.00000,0.00000,0.00000,0.00000,0.00000,0.00000,0.00000,0.00000,0.00000,0.00000,0.00000,0.00000,0.00000,0.00000,0.00000,0.00000,0.00000,0.00000,0.00000,0.00000,0.00000,0.00000,0.00000,0.00000,0.00000,0.00000,0.00000,0.00000,0.00000,0.00000,0.00000,0.00000,0.00000,0.00000,0.00000,0.00000,0.00000,0.00000,0.00000,0.00000,0.00000,0.00000,0.00000,0.00000,0.00000,0.00000,0.00000,0.00000,0.00000,0.00000,0.00000,0.00000,0.00000,0.00000,0.00000,0.00000,0.00000,0.00000,0.00000,0.00000,0.00000,0.00000,0.00000,-1.00000,-1.00000,-1.00000,-1.00000,-1.00000,-1.00000,-1.00000,-1.00000,-1.00000,-1.00000,
5.000,1.00000,1.00000,1.00000,1.00000,1.00000,1.00000,1.00000,1.00000,1.00000,1.00000,0.00000,0.00000,0.00000,0.00000,0.00000,0.00000,0.00000,0.00000,0.00000,0.00000,0.00000,0.00000,0.00000,0.00000,0.00000,0.00000,0.00000,0.00000,0.00000,0.00000,0.00000,0.00000,0.00000,0.00000,0.00000,0.00000,0.00000,0.00000,0.00000,0.00000,0.00000,0.00000,0.00000,0.00000,0.00000,0.00000,0.00000,0.00000,0.00000,0.00000,0.00000,0.00000,0.00000,0.00000,0.00000,0.00000,0.00000,0.00000,0.00000,0.00000,0.00000,0.00000,0.00000,0.00000,0.00000,0.00000,0.00000,0.00000,0.00000,0.00000,0.00000,0.00000,0.00000,0.00000,0.00000,0.00000,0.00000,0.00000,0.00000,0.00000,0.00000,0.00000,0.00000,0.00000,0.00000,0.00000,0.00000,0.00000,0.00000,-0.50000,-0.50000,-1.00000,-1.00000,-1.00000,-1.00000,-1.00000,-1.00000,-1.00000,-1.00000,-1.00000,
5.100,1.00000,1.00000,1.00000,1.00000,1.00000,1.00000,1.00000,1.00000,1.00000,0.50000,0.50000,0.00000,0.00000,0.00000,0.00000,0.00000,0.00000,0.00000,0.00000,0.00000,0.00000,0.00000,0.00000,0.00000,0.00000,0.00000,0.00000,0.00000,0.00000,0.00000,0.00000,0.00000,0.00000,0.00000,0.00000,0.00000,0.00000,0.00000,0.00000,0.00000,0.00000,0.00000,0.00000,0.00000,0.00000,0.00000,0.00000,0.00000,0.00000,0.00000,0.00000,0.00000,0.00000,0.00000,0.00000,0.00000,0.00000,0.00000,0.00000,0.00000,0.00000,0.00000,0.00000,0.00000,0.00000,0.00000,0.00000,0.00000,0.00000,0.00000,0.00000,0.00000,0.00000,0.00000,0.00000,0.00000,0.00000,0.00000,0.00000,0.00000,0.00000,0.00000,0.00000,0.00000,0.00000,0.00000,0.00000,0.00000,-0.50000,-0.50000,-0.50000,-0.50000,-1.00000,-1.00000,-1.00000,-1.00000,-1.00000,-1.00000,-1.00000,-1.00000,
5.200,1.00000,1.00000,1.00000,1.00000,1.00000,1.00000,1.00000,1.00000,0.50000,0.50000,0.50000,0.50000,0.00000,0.00000,0.00000,0.00000,0.00000,0.00000,0.00000,0.00000,0.00000,0.00000,0.00000,0.00000,0.00000,0.00000,0.00000,0.00000,0.00000,0.00000,0.00000,0.00000,0.00000,0.00000,0.00000,0.00000,0.00000,0.00000,0.00000,0.00000,0.00000,0.00000,0.00000,0.00000,0.00000,0.00000,0.00000,0.00000,0.00000,0.00000,0.00000,0.00000,0.00000,0.00000,0.00000,0.00000,0.00000,0.00000,0.00000,0.00000,0.00000,0.00000,0.00000,0.00000,0.00000,0.00000,0.00000,0.00000,0.00000,0.00000,0.00000,0.00000,0.00000,0.00000,0.00000,0.00000,0.00000,0.00000,0.00000,0.00000,0.00000,0.00000,0.00000,0.00000,0.00000,0.00000,0.00000,-0.50000,-0.50000,-0.50000,-0.50000,-0.50000,-0.50000,-1.00000,-1.00000,-1.00000,-1.00000,-1.00000,-1.00000,-1.00000,
5.300,1.00000,1.00000,1.00000,1.00000,1.00000,1.00000,1.00000,0.50000,0.50000,0.50000,0.50000,0.50000,0.50000,0.00000,0.00000,0.00000,0.00000,0.00000,0.00000,0.00000,0.00000,0.00000,0.00000,0.00000,0.00000,0.00000,0.00000,0.00000,0.00000,0.00000,0.00000,0.00000,0.00000,0.00000,0.00000,0.00000,0.00000,0.00000,0.00000,0.00000,0.00000,0.00000,0.00000,0.00000,0.00000,0.00000,0.00000,0.00000,0.00000,0.00000,0.00000,0.00000,0.00000,0.00000,0.00000,0.00000,0.00000,0.00000,0.00000,0.00000,0.00000,0.00000,0.00000,0.00000,0.00000,0.00000,0.00000,0.00000,0.00000,0.00000,0.00000,0.00000,0.00000,0.00000,0.00000,0.00000,0.00000,0.00000,0.00000,0.00000,0.00000,0.00000,0.00000,0.00000,0.00000,0.00000,-0.50000,-0.50000,-0.50000,-0.50000,-0.50000,-0.50000,-0.50000,-0.50000,-1.00000,-1.00000,-1.00000,-1.00000,-1.00000,-1.00000,
5.400,1.00000,1.00000,1.00000,1.00000,1.00000,1.00000,0.50000,0.50000,0.50000,0.50000,0.50000,0.50000,0.50000,0.50000,0.00000,0.00000,0.00000,0.00000,0.00000,0.00000,0.00000,0.00000,0.00000,0.00000,0.00000,0.00000,0.00000,0.00000,0.00000,0.00000,0.00000,0.00000,0.00000,0.00000,0.00000,0.00000,0.00000,0.00000,0.00000,0.00000,0.00000,0.00000,0.00000,0.00000,0.00000,0.00000,0.00000,0.00000,0.00000,0.00000,0.00000,0.00000,0.00000,0.00000,0.00000,0.00000,0.00000,0.00000,0.00000,0.00000,0.00000,0.00000,0.00000,0.00000,0.00000,0.00000,0.00000,0.00000,0.00000,0.00000,0.00000,0.00000,0.00000,0.00000,0.00000,0.00000,0.00000,0.00000,0.00000,0.00000,0.00000,0.00000,0.00000,0.00000,0.00000,-0.50000,-0.50000,-0.50000,-0.50000,-0.50000,-0.50000,-0.50000,-0.50000,-0.50000,-0.50000,-1.00000,-1.00000,-1.00000,-1.00000,-1.00000,
5.500,1.00000,1.00000,1.00000,1.00000,1.00000,0.50000,0.50000,0.50000,0.50000,0.50000,0.50000,0.50000,0.50000,0.50000,0.50000,0.00000,0.00000,0.00000,0.00000,0.00000,0.00000,0.00000,0.00000,0.00000,0.00000,0.00000,0.00000,0.00000,0.00000,0.00000,0.00000,0.00000,0.00000,0.00000,0.00000,0.00000,0.00000,0.00000,0.00000,0.00000,0.00000,0.00000,0.00000,0.00000,0.00000,0.00000,0.00000,0.00000,0.00000,0.00000,0.00000,0.00000,0.00000,0.00000,0.00000,0.00000,0.00000,0.00000,0.00000,0.00000,0.00000,0.00000,0.00000,0.00000,0.00000,0.00000,0.00000,0.00000,0.00000,0.00000,0.00000,0.00000,0.00000,0.00000,0.00000,0.00000,0.00000,0.00000,0.00000,0.00000,0.00000,0.00000,0.00000,0.00000,-0.50000,-0.50000,-0.50000,-0.50000,-0.50000,-0.50000,-0.50000,-0.50000,-0.50000,-0.50000,-0.50000,-0.50000,-1.00000,-1.00000,-1.00000,-1.00000,
5.600,1.00000,1.00000,1.00000,1.00000,0.50000,0.50000,0.50000,0.50000,0.50000,0.50000,0.50000,0.50000,0.50000,0.50000,0.50000,0.50000,0.00000,0.00000,0.00000,0.00000,0.00000,0.00000,0.00000,0.00000,0.00000,0.00000,0.00000,0.00000,0.00000,0.00000,0.00000,0.00000,0.00000,0.00000,0.00000,0.00000,0.00000,0.00000,0.00000,0.00000,0.00000,0.00000,0.00000,0.00000,0.00000,0.00000,0.00000,0.00000,0.00000,0.00000,0.00000,0.00000,0.00000,0.00000,0.00000,0.00000,0.00000,0.00000,0.00000,0.00000,0.00000,0.00000,0.00000,0.00000,0.00000,0.00000,0.00000,0.00000,0.00000,0.00000,0.00000,0.00000,0.00000,0.00000,0.00000,0.00000,0.00000,0.00000,0.00000,0.00000,0.00000,0.00000,0.00000,-0.50000,-0.50000,-0.50000,-0.50000,-0.50000,-0.50000,-0.50000,-0.50000,-0.50000,-0.50000,-0.50000,-0.50000,-0.50000,-0.50000,-1.00000,-1.00000,-1.00000,
5.700,1.00000,1.00000,1.00000,0.50000,0.50000,0.50000,0.50000,0.50000,0.50000,0.50000,0.50000,0.50000,0.50000,0.50000,0.50000,0.50000,0.50000,0.00000,0.00000,0.00000,0.00000,0.00000,0.00000,0.00000,0.00000,0.00000,0.00000,0.00000,0.00000,0.00000,0.00000,0.00000,0.00000,0.00000,0.00000,0.00000,0.00000,0.00000,0.00000,0.00000,0.00000,0.00000,0.00000,0.00000,0.00000,0.00000,0.00000,0.00000,0.00000,0.00000,0.00000,0.00000,0.00000,0.00000,0.00000,0.00000,0.00000,0.00000,0.00000,0.00000,0.00000,0.00000,0.00000,0.00000,0.00000,0.00000,0.00000,0.00000,0.00000,0.00000,0.00000,0.00000,0.00000,0.00000,0.00000,0.00000,0.00000,0.00000,0.00000,0.00000,0.00000,0.00000,-0.50000,-0.50000,-0.50000,-0.50000,-0.50000,-0.50000,-0.50000,-0.50000,-0.50000,-0.50000,-0.50000,-0.50000,-0.50000,-0.50000,-0.50000,-0.50000,-1.00000,-1.00000,
5.800,1.00000,1.00000,0.50000,0.50000,0.50000,0.50000,0.50000,0.50000,0.50000,0.50000,0.50000,0.50000,0.50000,0.50000,0.50000,0.50000,0.50000,0.50000,0.00000,0.00000,0.00000,0.00000,0.00000,0.00000,0.00000,0.00000,0.00000,0.00000,0.00000,0.00000,0.00000,0.00000,0.00000,0.00000,0.00000,0.00000,0.00000,0.00000,0.00000,0.00000,0.00000,0.00000,0.00000,0.00000,0.00000,0.00000,0.00000,0.00000,0.00000,0.00000,0.00000,0.00000,0.00000,0.00000,0.00000,0.00000,0.00000,0.00000,0.00000,0.00000,0.00000,0.00000,0.00000,0.00000,0.00000,0.00000,0.00000,0.00000,0.00000,0.00000,0.00000,0.00000,0.00000,0.00000,0.00000,0.00000,0.00000,0.00000,0.00000,0.00000,0.00000,-0.50000,-0.50000,-0.50000,-0.50000,-0.50000,-0.50000,-0.50000,-0.50000,-0.50000,-0.50000,-0.50000,-0.50000,-0.50000,-0.50000,-0.50000,-0.50000,-0.50000,-0.50000,-1.00000,
5.900,1.00000,0.50000,0.50000,0.50000,0.50000,0.50000,0.50000,0.50000,0.50000,0.50000,0.50000,0.50000,0.50000,0.50000,0.50000,0.50000,0.50000,0.50000,0.50000,0.00000,0.00000,0.00000,0.00000,0.00000,0.00000,0.00000,0.00000,0.00000,0.00000,0.00000,0.00000,0.00000,0.00000,0.00000,0.00000,0.00000,0.00000,0.00000,0.00000,0.00000,0.00000,0.00000,0.00000,0.00000,0.00000,0.00000,0.00000,0.00000,0.00000,0.00000,0.00000,0.00000,0.00000,0.00000,0.00000,0.00000,0.00000,0.00000,0.00000,0.00000,0.00000,0.00000,0.00000,0.00000,0.00000,0.00000,0.00000,0.00000,0.00000,0.00000,0.00000,0.00000,0.00000,0.00000,0.00000,0.00000,0.00000,0.00000,0.00000,0.00000,-0.50000,-0.50000,-0.50000,-0.50000,-0.50000,-0.50000,-0.50000,-0.50000,-0.50000,-0.50000,-0.50000,-0.50000,-0.50000,-0.50000,-0.50000,-0.50000,-0.50000,-0.50000,-0.50000,0.00000,
6.000,0.00000,0.50000,0.50000,0.50000,0.50000,0.50000,0.50000,0.50000,0.50000,0.50000,0.50000,0.50000,0.50000,0.50000,0.50000,0.50000,0.50000,0.50000,0.50000,0.50000,0.00000,0.00000,0.00000,0.00000,0.00000,0.00000,0.00000,0.00000,0.00000,0.00000,0.00000,0.00000,0.00000,0.00000,0.00000,0.00000,0.00000,0.00000,0.00000,0.00000,0.00000,0.00000,0.00000,0.00000,0.00000,0.00000,0.00000,0.00000,0.00000,0.00000,0.00000,0.00000,0.00000,0.00000,0.00000,0.00000,0.00000,0.00000,0.00000,0.00000,0.00000,0.00000,0.00000,0.00000,0.00000,0.00000,0.00000,0.00000,0.00000,0.00000,0.00000,0.00000,0.00000,0.00000,0.00000,0.00000,0.00000,0.00000,0.00000,-0.50000,-0.50000,-0.50000,-0.50000,-0.50000,-0.50000,-0.50000,-0.50000,-0.50000,-0.50000,-0.50000,-0.50000,-0.50000,-0.50000,-0.50000,-0.50000,-0.50000,-0.50000,-0.50000,0.00000,0.00000,
6.100,0.00000,0.00000,0.50000,0.50000,0.50000,0.50000,0.50000,0.50000,0.50000,0.50000,0.50000,0.50000,0.50000,0.50000,0.50000,0.50000,0.50000,0.50000,0.50000,0.50000,0.50000,0.00000,0.00000,0.00000,0.00000,0.00000,0.00000,0.00000,0.00000,0.00000,0.00000,0.00000,0.00000,0.00000,0.00000,0.00000,0.00000,0.00000,0.00000,0.00000,0.00000,0.00000,0.00000,0.00000,0.00000,0.00000,0.00000,0.00000,0.00000,0.00000,0.00000,0.00000,0.00000,0.00000,0.00000,0.00000,0.00000,0.00000,0.00000,0.00000,0.00000,0.00000,0.00000,0.00000,0.00000,0.00000,0.00000,0.00000,0.00000,0.00000,0.00000,0.00000,0.00000,0.00000,0.00000,0.00000,0.00000,0.00000,-0.50000,-0.50000,-0.50000,-0.50000,-0.50000,-0.50000,-0.50000,-0.50000,-0.50000,-0.50000,-0.50000,-0.50000,-0.50000,-0.50000,-0.50000,-0.50000,-0.50000,-0.50000,-0.50000,0.00000,0.00000,0.00000,
6.200,0.00000,0.00000,0.00000,0.50000,0.50000,0.50000,0.50000,0.50000,0.50000,0.50000,0.50000,0.50000,0.50000,0.50000,0.50000,0.50000,0.50000,0.50000,0.50000,0.50000,0.50000,0.50000,0.00000,0.00000,0.00000,0.00000,0.00000,0.00000,0.00000,0.00000,0.00000,0.00000,0.00000,0.00000,0.00000,0.00000,0.00000,0.00000,0.00000,0.00000,0.00000,0.00000,0.00000,0.00000,0.00000,0.00000,0.00000,0.00000,0.00000,0.00000,0.00000,0.00000,0.00000,0.00000,0.00000,0.00000,0.00000,0.00000,0.00000,0.00000,0.00000,0.00000,0.00000,0.00000,0.00000,0.00000,0.00000,0.00000,0.00000,0.00000,0.00000,0.00000,0.00000,0.00000,0.00000,0.00000,0.00000,-0.50000,-0.50000,-0.50000,-0.50000,-0.50000,-0.50000,-0.50000,-0.50000,-0.50000,-0.50000,-0.50000,-0.50000,-0.50000,-0.50000,-0.50000,-0.50000,-0.50000,-0.50000,-0.50000,0.00000,0.00000,0.00000,0.00000,
6.300,0.00000,0.00000,0.00000,0.00000,0.50000,0.50000,0.50000,0.50000,0.50000,0.50000,0.50000,0.50000,0.50000,0.50000,0.50000,0.50000,0.50000,0.50000,0.50000,0.50000,0.50000,0.50000,0.50000,0.00000,0.00000,0.00000,0.00000,0.00000,0.00000,0.00000,0.00000,0.00000,0.00000,0.00000,0.00000,0.00000,0.00000,0.00000,0.00000,0.00000,0.00000,0.00000,0.00000,0.00000,0.00000,0.00000,0.00000,0.00000,0.00000,0.00000,0.00000,0.00000,0.00000,0.00000,0.00000,0.00000,0.00000,0.00000,0.00000,0.00000,0.00000,0.00000,0.00000,0.00000,0.00000,0.00000,0.00000,0.00000,0.00000,0.00000,0.00000,0.00000,0.00000,0.00000,0.00000,0.00000,-0.50000,-0.50000,-0.50000,-0.50000,-0.50000,-0.50000,-0.50000,-0.50000,-0.50000,-0.50000,-0.50000,-0.50000,-0.50000,-0.50000,-0.50000,-0.50000,-0.50000,-0.50000,-0.50000,0.00000,0.00000,0.00000,0.00000,0.00000,
6.400,0.00000,0.00000,0.00000,0.00000,0.00000,0.50000,0.50000,0.50000,0.50000,0.50000,0.50000,0.50000,0.50000,0.50000,0.50000,0.50000,0.50000,0.50000,0.50000,0.50000,0.50000,0.50000,0.50000,0.50000,0.00000,0.00000,0.00000,0.00000,0.00000,0.00000,0.00000,0.00000,0.00000,0.00000,0.00000,0.00000,0.00000,0.00000,0.00000,0.00000,0.00000,0.00000,0.00000,0.00000,0.00000,0.00000,0.00000,0.00000,0.00000,0.00000,0.00000,0.00000,0.00000,0.00000,0.00000,0.00000,0.00000,0.00000,0.00000,0.00000,0.00000,0.00000,0.00000,0.00000,0.00000,0.00000,0.00000,0.00000,0.00000,0.00000,0.00000,0.00000,0.00000,0.00000,0.00000,-0.50000,-0.50000,-0.50000,-0.50000,-0.50000,-0.50000,-0.50000,-0.50000,-0.50000,-0.50000,-0.50000,-0.50000,-0.50000,-0.50000,-0.50000,-0.50000,-0.50000,-0.50000,-0.50000,0.00000,0.00000,0.00000,0.00000,0.00000,0.00000,
6.500,0.00000,0.00000,0.00000,0.00000,0.00000,0.00000,0.50000,0.50000,0.50000,0.50000,0.50000,0.50000,0.50000,0.50000,0.50000,0.50000,0.50000,0.50000,0.50000,0.50000,0.50000,0.50000,0.50000,0.50000,0.50000,0.00000,0.00000,0.00000,0.00000,0.00000,0.00000,0.00000,0.00000,0.00000,0.00000,0.00000,0.00000,0.00000,0.00000,0.00000,0.00000,0.00000,0.00000,0.00000,0.00000,0.00000,0.00000,0.00000,0.00000,0.00000,0.00000,0.00000,0.00000,0.00000,0.00000,0.00000,0.00000,0.00000,0.00000,0.00000,0.00000,0.00000,0.00000,0.00000,0.00000,0.00000,0.00000,0.00000,0.00000,0.00000,0.00000,0.00000,0.00000,0.00000,-0.50000,-0.50000,-0.50000,-0.50000,-0.50000,-0.50000,-0.50000,-0.50000,-0.50000,-0.50000,-0.50000,-0.50000,-0.50000,-0.50000,-0.50000,-0.50000,-0.50000,-0.50000,-0.50000,0.00000,0.00000,0.00000,0.00000,0.00000,0.00000,0.00000,
6.600,0.00000,0.00000,0.00000,0.00000,0.00000,0.00000,0.00000,0.50000,0.50000,0.50000,0.50000,0.50000,0.50000,0.50000,0.50000,0.50000,0.50000,0.50000,0.50000,0.50000,0.50000,0.50000,0.50000,0.50000,0.50000,0.50000,0.00000,0.00000,0.00000,0.00000,0.00000,0.00000,0.00000,0.00000,0.00000,0.00000,0.00000,0.00000,0.00000,0.00000,0.00000,0.00000,0.00000,0.00000,0.00000,0.00000,0.00000,0.00000,0.00000,0.00000,0.00000,0.00000,0.00000,0.00000,0.00000,0.00000,0.00000,0.00000,0.00000,0.00000,0.00000,0.00000,0.00000,0.00000,0.00000,0.00000,0.00000,0.00000,0.00000,0.00000,0.00000,0.00000,0.00000,-0.50000,-0.50000,-0.50000,-0.50000,-0.50000,-0.50000,-0.50000,-0.50000,-0.50000,-0.50000,-0.50000,-0.50000,-0.50000,-0.50000,-0.50000,-0.50000,-0.50000,-0.50000,-0.50000,0.00000,0.00000,0.00000,0.00000,0.00000,0.00000,0.00000,0.00000,
6.700,0.00000,0.00000,0.00000,0.00000,0.00000,0.00000,0.00000,0.00000,0.50000,0.50000,0.50000,0.50000,0.50000,0.50000,0.50000,0.50000,0.50000,0.50000,0.50000,0.50000,0.50000,0.50000,0.50000,0.50000,0.50000,0.50000,0.50000,0.00000,0.00000,0.00000,0.00000,0.00000,0.00000,0.00000,0.00000,0.00000,0.00000,0.00000,0.00000,0.00000,0.00000,0.00000,0.00000,0.00000,0.00000,0.00000,0.00000,0.00000,0.00000,0.00000,0.00000,0.00000,0.00000,0.00000,0.00000,0.00000,0.00000,0.00000,0.00000,0.00000,0.00000,0.00000,0.00000,0.00000,0.00000,0.00000,0.00000,0.00000,0.00000,0.00000,0.00000,0.00000,-0.50000,-0.50000,-0.50000,-0.50000,-0.50000,-0.50000,-0.50000,-0.50000,-0.50000,-0.50000,-0.50000,-0.50000,-0.50000,-0.50000,-0.50000,-0.50000,-0.50000,-0.50000,-0.50000,0.00000,0.00000,0.00000,0.00000,0.00000,0.00000,0.00000,0.00000,0.00000,
6.800,0.00000,0.00000,0.00000,0.00000,0.00000,0.00000,0.00000,0.00000,0.00000,0.50000,0.50000,0.50000,0.50000,0.50000,0.50000,0.50000,0.50000,0.50000,0.50000,0.50000,0.50000,0.50000,0.50000,0.50000,0.50000,0.50000,0.50000,0.50000,0.00000,0.00000,0.00000,0.00000,0.00000,0.00000,0.00000,0.00000,0.00000,0.00000,0.00000,0.00000,0.00000,0.00000,0.00000,0.00000,0.00000,0.00000,0.00000,0.00000,0.00000,0.00000,0.00000,0.00000,0.00000,0.00000,0.00000,0.00000,0.00000,0.00000,0.00000,0.00000,0.00000,0.00000,0.00000,0.00000,0.00000,0.00000,0.00000,0.00000,0.00000,0.00000,0.00000,-0.50000,-0.50000,-0.50000,-0.50000,-0.50000,-0.50000,-0.50000,-0.50000,-0.50000,-0.50000,-0.50000,-0.50000,-0.50000,-0.50000,-0.50000,-0.50000,-0.50000,-0.50000,-0.50000,0.00000,0.00000,0.00000,0.00000,0.00000,0.00000,0.00000,0.00000,0.00000,0.00000,
6.900,0.00000,0.00000,0.00000,0.00000,0.00000,0.00000,0.00000,0.00000,0.00000,0.00000,0.50000,0.50000,0.50000,0.50000,0.50000,0.50000,0.50000,0.50000,0.50000,0.50000,0.50000,0.50000,0.50000,0.50000,0.50000,0.50000,0.50000,0.50000,0.50000,0.00000,0.00000,0.00000,0.00000,0.00000,0.00000,0.00000,0.00000,0.00000,0.00000,0.00000,0.00000,0.00000,0.00000,0.00000,0.00000,0.00000,0.00000,0.00000,0.00000,0.00000,0.00000,0.00000,0.00000,0.00000,0.00000,0.00000,0.00000,0.00000,0.00000,0.00000,0.00000,0.00000,0.00000,0.00000,0.00000,0.00000,0.00000,0.00000,0.00000,0.00000,-0.50000,-0.50000,-0.50000,-0.50000,-0.50000,-0.50000,-0.50000,-0.50000,-0.50000,-0.50000,-0.50000,-0.50000,-0.50000,-0.50000,-0.50000,-0.50000,-0.50000,-0.50000,-0.50000,0.00000,0.00000,0.00000,0.00000,0.00000,0.00000,0.00000,0.00000,0.00000,0.00000,0.00000,
7.000,0.00000,0.00000,0.00000,0.00000,0.00000,0.00000,0.00000,0.00000,0.00000,0.00000,0.00000,0.50000,0.50000,0.50000,0.50000,0.50000,0.50000,0.50000,0.50000,0.50000,0.50000,0.50000,0.50000,0.50000,0.50000,0.50000,0.50000,0.50000,0.50000,0.50000,0.00000,0.00000,0.00000,0.00000,0.00000,0.00000,0.00000,0.00000,0.00000,0.00000,0.00000,0.00000,0.00000,0.00000,0.00000,0.00000,0.00000,0.00000,0.00000,0.00000,0.00000,0.00000,0.00000,0.00000,0.00000,0.00000,0.00000,0.00000,0.00000,0.00000,0.00000,0.00000,0.00000,0.00000,0.00000,0.00000,0.00000,0.00000,0.00000,-0.50000,-0.50000,-0.50000,-0.50000,-0.50000,-0.50000,-0.50000,-0.50000,-0.50000,-0.50000,-0.50000,-0.50000,-0.50000,-0.50000,-0.50000,-0.50000,-0.50000,-0.50000,-0.50000,0.00000,0.00000,0.00000,0.00000,0.00000,0.00000,0.00000,0.00000,0.00000,0.00000,0.00000,0.00000,
7.100,0.00000,0.00000,0.00000,0.00000,0.00000,0.00000,0.00000,0.00000,0.00000,0.00000,0.00000,0.00000,0.50000,0.50000,0.50000,0.50000,0.50000,0.50000,0.50000,0.50000,0.50000,0.50000,0.50000,0.50000,0.50000,0.50000,0.50000,0.50000,0.50000,0.50000,0.50000,0.00000,0.00000,0.00000,0.00000,0.00000,0.00000,0.00000,0.00000,0.00000,0.00000,0.00000,0.00000,0.00000,0.00000,0.00000,0.00000,0.00000,0.00000,0.00000,0.00000,0.00000,0.00000,0.00000,0.00000,0.00000,0.00000,0.00000,0.00000,0.00000,0.00000,0.00000,0.00000,0.00000,0.00000,0.00000,0.00000,0.00000,-0.50000,-0.50000,-0.50000,-0.50000,-0.50000,-0.50000,-0.50000,-0.50000,-0.50000,-0.50000,-0.50000,-0.50000,-0.50000,-0.50000,-0.50000,-0.50000,-0.50000,-0.50000,-0.50000,0.00000,0.00000,0.00000,0.00000,0.00000,0.00000,0.00000,0.00000,0.00000,0.00000,0.00000,0.00000,0.00000,
7.200,0.00000,0.00000,0.00000,0.00000,0.00000,0.00000,0.00000,0.00000,0.00000,0.00000,0.00000,0.00000,0.00000,0.50000,0.50000,0.50000,0.50000,0.50000,0.50000,0.50000,0.50000,0.50000,0.50000,0.50000,0.50000,0.50000,0.50000,0.50000,0.50000,0.50000,0.50000,0.50000,0.00000,0.00000,0.00000,0.00000,0.00000,0.00000,0.00000,0.00000,0.00000,0.00000,0.00000,0.00000,0.00000,0.00000,0.00000,0.00000,0.00000,0.00000,0.00000,0.00000,0.00000,0.00000,0.00000,0.00000,0.00000,0.00000,0.00000,0.00000,0.00000,0.00000,0.00000,0.00000,0.00000,0.00000,0.00000,-0.50000,-0.50000,-0.50000,-0.50000,-0.50000,-0.50000,-0.50000,-0.50000,-0.50000,-0.50000,-0.50000,-0.50000,-0.50000,-0.50000,-0.50000,-0.50000,-0.50000,-0.50000,-0.50000,0.00000,0.00000,0.00000,0.00000,0.00000,0.00000,0.00000,0.00000,0.00000,0.00000,0.00000,0.00000,0.00000,0.00000,
7.300,0.00000,0.00000,0.00000,0.00000,0.00000,0.00000,0.00000,0.00000,0.00000,0.00000,0.00000,0.00000,0.00000,0.00000,0.50000,0.50000,0.50000,0.50000,0.50000,0.50000,0.50000,0.50000,0.50000,0.50000,0.50000,0.50000,0.50000,0.50000,0.50000,0.50000,0.50000,0.50000,0.50000,0.00000,0.00000,0.00000,0.00000,0.00000,0.00000,0.00000,0.00000,0.00000,0.00000,0.00000,0.00000,0.00000,0.00000,0.00000,0.00000,0.00000,0.00000,0.00000,0.00000,0.00000,0.00000,0.00000,0.00000,0.00000,0.00000,0.00000,0.00000,0.00000,0.00000,0.00000,0.00000,0.00000,-0.50000,-0.50000,-0.50000,-0.50000,-0.50000,-0.50000,-0.50000,-0.50000,-0.50000,-0.50000,-0.50000,-0.50000,-0.50000,-0.50000,-0.50000,-0.50000,-0.50000,-0.50000,-0.50000,0.00000,0.00000,0.00000,0.00000,0.00000,0.00000,0.00000,0.00000,0.00000,0.00000,0.00000,0.00000,0.00000,0.00000,0.00000,
7.400,0.00000,0.00000,0.00000,0.00000,0.00000,0.00000,0.00000,0.00000,0.00000,0.00000,0.00000,0.00000,0.00000,0.00000,0.00000,0.50000,0.50000,0.50000,0.50000,0.50000,0.50000,0.50000,0.50000,0.50000,0.50000,0.50000,0.50000,0.50000,0.50000,0.50000,0.50000,0.50000,0.50000,0.50000,0.00000,0.00000,0.00000,0.00000,0.00000,0.00000,0.00000,0.00000,0.00000,0.00000,0.00000,0.00000,0.00000,0.00000,0.00000,0.00000,0.00000,0.00000,0.00000,0.00000,0.00000,0.00000,0.00000,0.00000,0.00000,0.00000,0.00000,0.00000,0.00000,0.00000,0.00000,-0.50000,-0.50000,-0.50000,-0.50000,-0.50000,-0.50000,-0.50000,-0.50000,-0.50000,-0.50000,-0.50000,-0.50000,-0.50000,-0.50000,-0.50000,-0.50000,-0.50000,-0.50000,-0.50000,0.00000,0.00000,0.00000,0.00000,0.00000,0.00000,0.00000,0.00000,0.00000,0.00000,0.00000,0.00000,0.00000,0.00000,0.00000,0.00000,
7.500,0.00000,0.00000,0.00000,0.00000,0.00000,0.00000,0.00000,0.00000,0.00000,0.00000,0.00000,0.00000,0.00000,0.00000,0.00000,0.00000,0.50000,0.50000,0.50000,0.50000,0.50000,0.50000,0.50000,0.50000,0.50000,0.50000,0.50000,0.50000,0.50000,0.50000,0.50000,0.50000,0.50000,0.50000,0.50000,0.00000,0.00000,0.00000,0.00000,0.00000,0.00000,0.00000,0.00000,0.00000,0.00000,0.00000,0.00000,0.00000,0.00000,0.00000,0.00000,0.00000,0.00000,0.00000,0.00000,0.00000,0.00000,0.00000,0.00000,0.00000,0.00000,0.00000,0.00000,0.00000,-0.50000,-0.50000,-0.50000,-0.50000,-0.50000,-0.50000,-0.50000,-0.50000,-0.50000,-0.50000,-0.50000,-0.50000,-0.50000,-0.50000,-0.50000,-0.50000,-0.50000,-0.50000,-0.50000,0.00000,0.00000,0.00000,0.00000,0.00000,0.00000,0.00000,0.00000,0.00000,0.00000,0.00000,0.00000,0.00000,0.00000,0.00000,0.00000,0.00000,
7.600,0.00000,0.00000,0.00000,0.00000,0.00000,0.00000,0.00000,0.00000,0.00000,0.00000,0.00000,0.00000,0.00000,0.00000,0.00000,0.00000,0.00000,0.50000,0.50000,0.50000,0.50000,0.50000,0.50000,0.50000,0.50000,0.50000,0.50000,0.50000,0.50000,0.50000,0.50000,0.50000,0.50000,0.50000,0.50000,0.50000,0.00000,0.00000,0.00000,0.00000,0.00000,0.00000,0.00000,0.00000,0.00000,0.00000,0.00000,0.00000,0.00000,0.00000,0.00000,0.00000,0.00000,0.00000,0.00000,0.00000,0.00000,0.00000,0.00000,0.00000,0.00000,0.00000,0.00000,-0.50000,-0.50000,-0.50000,-0.50000,-0.50000,-0.50000,-0.50000,-0.50000,-0.50000,-0.50000,-0.50000,-0.50000,-0.50000,-0.50000,-0.50000,-0.50000,-0.50000,-0.50000,-0.50000,0.00000,0.00000,0.00000,0.00000,0.00000,0.00000,0.00000,0.00000,0.00000,0.00000,0.00000,0.00000,0.00000,0.00000,0.00000,0.00000,0.00000,0.00000,
7.700,0.00000,0.00000,0.00000,0.00000,0.00000,0.00000,0.00000,0.00000,0.00000,0.00000,0.00000,0.00000,0.00000,0.00000,0.00000,0.00000,0.00000,0.00000,0.50000,0.50000,0.50000,0.50000,0.50000,0.50000,0.50000,0.50000,0.50000,0.50000,0.50000,0.50000,0.50000,0.50000,0.50000,0.50000,0.50000,0.50000,0.50000,0.00000,0.00000,0.00000,0.00000,0.00000,0.00000,0.00000,0.00000,0.00000,0.00000,0.00000,0.00000,0.00000,0.00000,0.00000,0.00000,0.00000,0.00000,0.00000,0.00000,0.00000,0.00000,0.00000,0.00000,0.00000,-0.50000,-0.50000,-0.50000,-0.50000,-0.50000,-0.50000,-0.50000,-0.50000,-0.50000,-0.50000,-0.50000,-0.50000,-0.50000,-0.50000,-0.50000,-0.50000,-0.50000,-0.50000,-0.50000,0.00000,0.00000,0.00000,0.00000,0.00000,0.00000,0.00000,0.00000,0.00000,0.00000,0.00000,0.00000,0.00000,0.00000,0.00000,0.00000,0.00000,0.00000,0.00000,
7.800,0.00000,0.00000,0.00000,0.00000,0.00000,0.00000,0.00000,0.00000,0.00000,0.00000,0.00000,0.00000,0.00000,0.00000,0.00000,0.00000,0.00000,0.00000,0.00000,0.50000,0.50000,0.50000,0.50000,0.50000,0.50000,0.50000,0.50000,0.50000,0.50000,0.50000,0.50000,0.50000,0.50000,0.50000,0.50000,0.50000,0.50000,0.50000,0.00000,0.00000,0.00000,0.00000,0.00000,0.00000,0.00000,0.00000,0.00000,0.00000,0.00000,0.00000,0.00000,0.00000,0.00000,0.00000,0.00000,0.00000,0.00000,0.00000,0.00000,0.00000,0.00000,-0.50000,-0.50000,-0.50000,-0.50000,-0.50000,-0.50000,-0.50000,-0.50000,-0.50000,-0.50000,-0.50000,-0.50000,-0.50000,-0.50000,-0.50000,-0.50000,-0.50000,-0.50000,-0.50000,0.00000,0.00000,0.00000,0.00000,0.00000,0.00000,0.00000,0.00000,0.00000,0.00000,0.00000,0.00000,0.00000,0.00000,0.00000,0.00000,0.00000,0.00000,0.00000,0.00000,
7.900,0.00000,0.00000,0.00000,0.00000,0.00000,0.00000,0.00000,0.00000,0.00000,0.00000,0.00000,0.00000,0.00000,0.00000,0.00000,0.00000,0.00000,0.00000,0.00000,0.00000,0.50000,0.50000,0.50000,0.50000,0.50000,0.50000,0.50000,0.50000,0.50000,0.50000,0.50000,0.50000,0.50000,0.50000,0.50000,0.50000,0.50000,0.50000,0.50000,0.00000,0.00000,0.00000,0.00000,0.00000,0.00000,0.00000,0.00000,0.00000,0.00000,0.00000,0.00000,0.00000,0.00000,0.00000,0.00000,0.00000,0.00000,0.00000,0.00000,0.00000,-0.50000,-0.50000,-0.50000,-0.50000,-0.50000,-0.50000,-0.50000,-0.50000,-0.50000,-0.50000,-0.50000,-0.50000,-0.50000,-0.50000,-0.50000,-0.50000,-0.50000,-0.50000,-0.50000,0.00000,0.00000,0.00000,0.00000,0.00000,0.00000,0.00000,0.00000,0.00000,0.00000,0.00000,0.00000,0.00000,0.00000,0.00000,0.00000,0.00000,0.00000,0.00000,0.00000,0.00000,
8.000,0.00000,0.00000,0.00000,0.00000,0.00000,0.00000,0.00000,0.00000,0.00000,0.00000,0.00000,0.00000,0.00000,0.00000,0.00000,0.00000,0.00000,0.00000,0.00000,0.00000,0.00000,0.50000,0.50000,0.50000,0.50000,0.50000,0.50000,0.50000,0.50000,0.50000,0.50000,0.50000,0.50000,0.50000,0.50000,0.50000,0.50000,0.50000,0.50000,0.50000,0.00000,0.00000,0.00000,0.00000,0.00000,0.00000,0.00000,0.00000,0.00000,0.00000,0.00000,0.00000,0.00000,0.00000,0.00000,0.00000,0.00000,0.00000,0.00000,-0.50000,-0.50000,-0.50000,-0.50000,-0.50000,-0.50000,-0.50000,-0.50000,-0.50000,-0.50000,-0.50000,-0.50000,-0.50000,-0.50000,-0.50000,-0.50000,-0.50000,-0.50000,-0.50000,0.00000,0.00000,0.00000,0.00000,0.00000,0.00000,0.00000,0.00000,0.00000,0.00000,0.00000,0.00000,0.00000,0.00000,0.00000,0.00000,0.00000,0.00000,0.00000,0.00000,0.00000,0.00000,
8.100,0.00000,0.00000,0.00000,0.00000,0.00000,0.00000,0.00000,0.00000,0.00000,0.00000,0.00000,0.00000,0.00000,0.00000,0.00000,0.00000,0.00000,0.00000,0.00000,0.00000,0.00000,0.00000,0.50000,0.50000,0.50000,0.50000,0.50000,0.50000,0.50000,0.50000,0.50000,0.50000,0.50000,0.50000,0.50000,0.50000,0.50000,0.50000,0.50000,0.50000,0.50000,0.00000,0.00000,0.00000,0.00000,0.00000,0.00000,0.00000,0.00000,0.00000,0.00000,0.00000,0.00000,0.00000,0.00000,0.00000,0.00000,0.00000,-0.50000,-0.50000,-0.50000,-0.50000,-0.50000,-0.50000,-0.50000,-0.50000,-0.50000,-0.50000,-0.50000,-0.50000,-0.50000,-0.50000,-0.50000,-0.50000,-0.50000,-0.50000,-0.50000,0.00000,0.00000,0.00000,0.00000,0.00000,0.00000,0.00000,0.00000,0.00000,0.00000,0.00000,0.00000,0.00000,0.00000,0.00000,0.00000,0.00000,0.00000,0.00000,0.00000,0.00000,0.00000,0.00000,
8.200,0.00000,0.00000,0.00000,0.00000,0.00000,0.00000,0.00000,0.00000,0.00000,0.00000,0.00000,0.00000,0.00000,0.00000,0.00000,0.00000,0.00000,0.00000,0.00000,0.00000,0.00000,0.00000,0.00000,0.50000,0.50000,0.50000,0.50000,0.50000,0.50000,0.50000,0.50000,0.50000,0.50000,0.50000,0.50000,0.50000,0.50000,0.50000,0.50000,0.50000,0.50000,0.50000,0.00000,0.00000,0.00000,0.00000,0.00000,0.00000,0.00000,0.00000,0.00000,0.00000,0.00000,0.00000,0.00000,0.00000,0.00000,-0.50000,-0.50000,-0.50000,-0.50000,-0.50000,-0.50000,-0.50000,-0.50000,-0.50000,-0.50000,-0.50000,-0.50000,-0.50000,-0.50000,-0.50000,-0.50000,-0.50000,-0.50000,-0.50000,0.00000,0.00000,0.00000,0.00000,0.00000,0.00000,0.00000,0.00000,0.00000,0.00000,0.00000,0.00000,0.00000,0.00000,0.00000,0.00000,0.00000,0.00000,0.00000,0.00000,0.00000,0.00000,0.00000,0.00000,
8.300,0.00000,0.00000,0.00000,0.00000,0.00000,0.00000,0.00000,0.00000,0.00000,0.00000,0.00000,0.00000,0.00000,0.00000,0.00000,0.00000,0.00000,0.00000,0.00000,0.00000,0.00000,0.00000,0.00000,0.00000,0.50000,0.50000,0.50000,0.50000,0.50000,0.50000,0.50000,0.50000,0.50000,0.50000,0.50000,0.50000,0.50000,0.50000,0.50000,0.50000,0.50000,0.50000,0.50000,0.00000,0.00000,0.00000,0.00000,0.00000,0.00000,0.00000,0.00000,0.00000,0.00000,0.00000,0.00000,0.00000,-0.50000,-0.50000,-0.50000,-0.50000,-0.50000,-0.50000,-0.50000,-0.50000,-0.50000,-0.50000,-0.50000,-0.50000,-0.50000,-0.50000,-0.50000,-0.50000,-0.50000,-0.50000,-0.50000,0.00000,0.00000,0.00000,0.00000,0.00000,0.00000,0.00000,0.00000,0.00000,0.00000,0.00000,0.00000,0.00000,0.00000,0.00000,0.00000,0.00000,0.00000,0.00000,0.00000,0.00000,0.00000,0.00000,0.00000,0.00000,
8.400,0.00000,0.00000,0.00000,0.00000,0.00000,0.00000,0.00000,0.00000,0.00000,0.00000,0.00000,0.00000,0.00000,0.00000,0.00000,0.00000,0.00000,0.00000,0.00000,0.00000,0.00000,0.00000,0.00000,0.00000,0.00000,0.50000,0.50000,0.50000,0.50000,0.50000,0.50000,0.50000,0.50000,0.50000,0.50000,0.50000,0.50000,0.50000,0.50000,0.50000,0.50000,0.50000,0.50000,0.50000,0.00000,0.00000,0.00000,0.00000,0.00000,0.00000,0.00000,0.00000,0.00000,0.00000,0.00000,-0.50000,-0.50000,-0.50000,-0.50000,-0.50000,-0.50000,-0.50000,-0.50000,-0.50000,-0.50000,-0.50000,-0.50000,-0.50000,-0.50000,-0.50000,-0.50000,-0.50000,-0.50000,-0.50000,0.00000,0.00000,0.00000,0.00000,0.00000,0.00000,0.00000,0.00000,0.00000,0.00000,0.00000,0.00000,0.00000,0.00000,0.00000,0.00000,0.00000,0.00000,0.00000,0.00000,0.00000,0.00000,0.00000,0.00000,0.00000,0.00000,
8.500,0.00000,0.00000,0.00000,0.00000,0.00000,0.00000,0.00000,0.00000,0.00000,0.00000,0.00000,0.00000,0.00000,0.00000,0.00000,0.00000,0.00000,0.00000,0.00000,0.00000,0.00000,0.00000,0.00000,0.00000,0.00000,0.00000,0.50000,0.50000,0.50000,0.50000,0.50000,0.50000,0.50000,0.50000,0.50000,0.50000,0.50000,0.50000,0.50000,0.50000,0.50000,0.50000,0.50000,0.50000,0.50000,0.00000,0.00000,0.00000,0.00000,0.00000,0.00000,0.00000,0.00000,0.00000,-0.50000,-0.50000,-0.50000,-0.50000,-0.50000,-0.50000,-0.50000,-0.50000,-0.50000,-0.50000,-0.50000,-0.50000,-0.50000,-0.50000,-0.50000,-0.50000,-0.50000,-0.50000,-0.50000,0.00000,0.00000,0.00000,0.00000,0.00000,0.00000,0.00000,0.00000,0.00000,0.00000,0.00000,0.00000,0.00000,0.00000,0.00000,0.00000,0.00000,0.00000,0.00000,0.00000,0.00000,0.00000,0.00000,0.00000,0.00000,0.00000,0.00000,
8.600,0.00000,0.00000,0.00000,0.00000,0.00000,0.00000,0.00000,0.00000,0.00000,0.00000,0.00000,0.00000,0.00000,0.00000,0.00000,0.00000,0.00000,0.00000,0.00000,0.00000,0.00000,0.00000,0.00000,0.00000,0.00000,0.00000,0.00000,0.50000,0.50000,0.50000,0.50000,0.50000,0.50000,0.50000,0.50000,0.50000,0.50000,0.50000,0.50000,0.50000,0.50000,0.50000,0.50000,0.50000,0.50000,0.50000,0.00000,0.00000,0.00000,0.00000,0.00000,0.00000,0.00000,-0.50000,-0.50000,-0.50000,-0.50000,-0.50000,-0.50000,-0.50000,-0.50000,-0.50000,-0.50000,-0.50000,-0.50000,-0.50000,-0.50000,-0.50000,-0.50000,-0.50000,-0.50000,-0.50000,0.00000,0.00000,0.00000,0.00000,0.00000,0.00000,0.00000,0.00000,0.00000,0.00000,0.00000,0.00000,0.00000,0.00000,0.00000,0.00000,0.00000,0.00000,0.00000,0.00000,0.00000,0.00000,0.00000,0.00000,0.00000,0.00000,0.00000,0.00000,
8.700,0.00000,0.00000,0.00000,0.00000,0.00000,0.00000,0.00000,0.00000,0.00000,0.00000,0.00000,0.00000,0.00000,0.00000,0.00000,0.00000,0.00000,0.00000,0.00000,0.00000,0.00000,0.00000,0.00000,0.00000,0.00000,0.00000,0.00000,0.00000,0.50000,0.50000,0.50000,0.50000,0.50000,0.50000,0.50000,0.50000,0.50000,0.50000,0.50000,0.50000,0.50000,0.50000,0.50000,0.50000,0.50000,0.50000,0.50000,0.00000,0.00000,0.00000,0.00000,0.00000,-0.50000,-0.50000,-0.50000,-0.50000,-0.50000,-0.50000,-0.50000,-0.50000,-0.50000,-0.50000,-0.50000,-0.50000,-0.50000,-0.50000,-0.50000,-0.50000,-0.50000,-0.50000,-0.50000,0.00000,0.00000,0.00000,0.00000,0.00000,0.00000,0.00000,0.00000,0.00000,0.00000,0.00000,0.00000,0.00000,0.00000,0.00000,0.00000,0.00000,0.00000,0.00000,0.00000,0.00000,0.00000,0.00000,0.00000,0.00000,0.00000,0.00000,0.00000,0.00000,
8.800,0.00000,0.00000,0.00000,0.00000,0.00000,0.00000,0.00000,0.00000,0.00000,0.00000,0.00000,0.00000,0.00000,0.00000,0.00000,0.00000,0.00000,0.00000,0.00000,0.00000,0.00000,0.00000,0.00000,0.00000,0.00000,0.00000,0.00000,0.00000,0.00000,0.50000,0.50000,0.50000,0.50000,0.50000,0.50000,0.50000,0.50000,0.50000,0.50000,0.50000,0.50000,0.50000,0.50000,0.50000,0.50000,0.50000,0.50000,0.50000,0.00000,0.00000,0.00000,-0.50000,-0.50000,-0.50000,-0.50000,-0.50000,-0.50000,-0.50000,-0.50000,-0.50000,-0.50000,-0.50000,-0.50000,-0.50000,-0.50000,-0.50000,-0.50000,-0.50000,-0.50000,-0.50000,0.00000,0.00000,0.00000,0.00000,0.00000,0.00000,0.00000,0.00000,0.00000,0.00000,0.00000,0.00000,0.00000,0.00000,0.00000,0.00000,0.00000,0.00000,0.00000,0.00000,0.00000,0.00000,0.00000,0.00000,0.00000,0.00000,0.00000,0.00000,0.00000,0.00000,
8.900,0.00000,0.00000,0.00000,0.00000,0.00000,0.00000,0.00000,0.00000,0.00000,0.00000,0.00000,0.00000,0.00000,0.00000,0.00000,0.00000,0.00000,0.00000,0.00000,0.00000,0.00000,0.00000,0.00000,0.00000,0.00000,0.00000,0.00000,0.00000,0.00000,0.00000,0.50000,0.50000,0.50000,0.50000,0.50000,0.50000,0.50000,0.50000,0.50000,0.50000,0.50000,0.50000,0.50000,0.50000,0.50000,0.50000,0.50000,0.50000,0.50000,0.00000,-0.50000,-0.50000,-0.50000,-0.50000,-0.50000,-0.50000,-0.50000,-0.50000,-0.50000,-0.50000,-0.50000,-0.50000,-0.50000,-0.50000,-0.50000,-0.50000,-0.50000,-0.50000,-0.50000,0.00000,0.00000,0.00000,0.00000,0.00000,0.00000,0.00000,0.00000,0.00000,0.00000,0.00000,0.00000,0.00000,0.00000,0.00000,0.00000,0.00000,0.00000,0.00000,0.00000,0.00000,0.00000,0.00000,0.00000,0.00000,0.00000,0.00000,0.00000,0.00000,0.00000,0.00000,
9.000,0.00000,0.00000,0.00000,0.00000,0.00000,0.00000,0.00000,0.00000,0.00000,0.00000,0.00000,0.00000,0.00000,0.00000,0.00000,0.00000,0.00000,0.00000,0.00000,0.00000,0.00000,0.00000,0.00000,0.00000,0.00000,0.00000,0.00000,0.00000,0.00000,0.00000,0.00000,0.50000,0.50000,0.50000,0.50000,0.50000,0.50000,0.50000,0.50000,0.50000,0.50000,0.50000,0.50000,0.50000,0.50000,0.50000,0.50000,0.50000,0.50000,0.00000,-0.50000,-0.50000,-0.50000,-0.50000,-0.50000,-0.50000,-0.50000,-0.50000,-0.50000,-0.50000,-0.50000,-0.50000,-0.50000,-0.50000,-0.50000,-0.50000,-0.50000,-0.50000,0.00000,0.00000,0.00000,0.00000,0.00000,0.00000,0.00000,0.00000,0.00000,0.00000,0.00000,0.00000,0.00000,0.00000,0.00000,0.00000,0.00000,0.00000,0.00000,0.00000,0.00000,0.00000,0.00000,0.00000,0.00000,0.00000,0.00000,0.00000,0.00000,0.00000,0.00000,0.00000,
9.100,0.00000,0.00000,0.00000,0.00000,0.00000,0.00000,0.00000,0.00000,0.00000,0.00000,0.00000,0.00000,0.00000,0.00000,0.00000,0.00000,0.00000,0.00000,0.00000,0.00000,0.00000,0.00000,0.00000,0.00000,0.00000,0.00000,0.00000,0.00000,0.00000,0.00000,0.00000,0.00000,0.50000,0.50000,0.50000,0.50000,0.50000,0.50000,0.50000,0.50000,0.50000,0.50000,0.50000,0.50000,0.50000,0.50000,0.50000,0.50000,0.00000,0.00000,0.00000,-0.50000,-0.50000,-0.50000,-0.50000,-0.50000,-0.50000,-0.50000,-0.50000,-0.50000,-0.50000,-0.50000,-0.50000,-0.50000,-0.50000,-0.50000,-0.50000,0.00000,0.00000,0.00000,0.00000,0.00000,0.00000,0.00000,0.00000,0.00000,0.00000,0.00000,0.00000,0.00000,0.00000,0.00000,0.00000,0.00000,0.00000,0.00000,0.00000,0.00000,0.00000,0.00000,0.00000,0.00000,0.00000,0.00000,0.00000,0.00000,0.00000,0.00000,0.00000,0.00000,
9.200,0.00000,0.00000,0.00000,0.00000,0.00000,0.00000,0.00000,0.00000,0.00000,0.00000,0.00000,0.00000,0.00000,0.00000,0.00000,0.00000,0.00000,0.00000,0.00000,0.00000,0.00000,0.00000,0.00000,0.00000,0.00000,0.00000,0.00000,0.00000,0.00000,0.00000,0.00000,0.00000,0.00000,0.50000,0.50000,0.50000,0.50000,0.50000,0.50000,0.50000,0.50000,0.50000,0.50000,0.50000,0.50000,0.50000,0.50000,0.00000,0.00000,0.00000,0.00000,0.00000,-0.50000,-0.50000,-0.50000,-0.50000,-0.50000,-0.50000,-0.50000,-0.50000,-0.50000,-0.50000,-0.50000,-0.50000,-0.50000,-0.50000,0.00000,0.00000,0.00000,0.00000,0.00000,0.00000,0.00000,0.00000,0.00000,0.00000,0.00000,0.00000,0.00000,0.00000,0.00000,0.00000,0.00000,0.00000,0.00000,0.00000,0.00000,0.00000,0.00000,0.00000,0.00000,0.00000,0.00000,0.00000,0.00000,0.00000,0.00000,0.00000,0.00000,0.00000,
9.300,0.00000,0.00000,0.00000,0.00000,0.00000,0.00000,0.00000,0.00000,0.00000,0.00000,0.00000,0.00000,0.00000,0.00000,0.00000,0.00000,0.00000,0.00000,0.00000,0.00000,0.00000,0.00000,0.00000,0.00000,0.00000,0.00000,0.00000,0.00000,0.00000,0.00000,0.00000,0.00000,0.00000,0.00000,0.50000,0.50000,0.50000,0.50000,0.50000,0.50000,0.50000,0.50000,0.50000,0.50000,0.50000,0.50000,0.00000,0.00000,0.00000,0.00000,0.00000,0.00000,0.00000,-0.50000,-0.50000,-0.50000,-0.50000,-0.50000,-0.50000,-0.50000,-0.50000,-0.50000,-0.50000,-0.50000,-0.50000,0.00000,0.00000,0.00000,0.00000,0.00000,0.00000,0.00000,0.00000,0.00000,0.00000,0.00000,0.00000,0.00000,0.00000,0.00000,0.00000,0.00000,0.00000,0.00000,0.00000,0.00000,0.00000,0.00000,0.00000,0.00000,0.00000,0.00000,0.00000,0.00000,0.00000,0.00000,0.00000,0.00000,0.00000,0.00000,
9.400,0.00000,0.00000,0.00000,0.00000,0.00000,0.00000,0.00000,0.00000,0.00000,0.00000,0.00000,0.00000,0.00000,0.00000,0.00000,0.00000,0.00000,0.00000,0.00000,0.00000,0.00000,0.00000,0.00000,0.00000,0.00000,0.00000,0.00000,0.00000,0.00000,0.00000,0.00000,0.00000,0.00000,0.00000,0.00000,0.50000,0.50000,0.50000,0.50000,0.50000,0.50000,0.50000,0.50000,0.50000,0.50000,0.00000,0.00000,0.00000,0.00000,0.00000,0.00000,0.00000,0.00000,0.00000,-0.50000,-0.50000,-0.50000,-0.50000,-0.50000,-0.50000,-0.50000,-0.50000,-0.50000,-0.50000,0.00000,0.00000,0.00000,0.00000,0.00000,0.00000,0.00000,0.00000,0.00000,0.00000,0.00000,0.00000,0.00000,0.00000,0.00000,0.00000,0.00000,0.00000,0.00000,0.00000,0.00000,0.00000,0.00000,0.00000,0.00000,0.00000,0.00000,0.00000,0.00000,0.00000,0.00000,0.00000,0.00000,0.00000,0.00000,0.00000,
9.500,0.00000,0.00000,0.00000,0.00000,0.00000,0.00000,0.00000,0.00000,0.00000,0.00000,0.00000,0.00000,0.00000,0.00000,0.00000,0.00000,0.00000,0.00000,0.00000,0.00000,0.00000,0.00000,0.00000,0.00000,0.00000,0.00000,0.00000,0.00000,0.00000,0.00000,0.00000,0.00000,0.00000,0.00000,0.00000,0.00000,0.50000,0.50000,0.50000,0.50000,0.50000,0.50000,0.50000,0.50000,0.00000,0.00000,0.00000,0.00000,0.00000,0.00000,0.00000,0.00000,0.00000,0.00000,0.00000,-0.50000,-0.50000,-0.50000,-0.50000,-0.50000,-0.50000,-0.50000,-0.50000,0.00000,0.00000,0.00000,0.00000,0.00000,0.00000,0.00000,0.00000,0.00000,0.00000,0.00000,0.00000,0.00000,0.00000,0.00000,0.00000,0.00000,0.00000,0.00000,0.00000,0.00000,0.00000,0.00000,0.00000,0.00000,0.00000,0.00000,0.00000,0.00000,0.00000,0.00000,0.00000,0.00000,0.00000,0.00000,0.00000,0.00000,
9.600,0.00000,0.00000,0.00000,0.00000,0.00000,0.00000,0.00000,0.00000,0.00000,0.00000,0.00000,0.00000,0.00000,0.00000,0.00000,0.00000,0.00000,0.00000,0.00000,0.00000,0.00000,0.00000,0.00000,0.00000,0.00000,0.00000,0.00000,0.00000,0.00000,0.00000,0.00000,0.00000,0.00000,0.00000,0.00000,0.00000,0.00000,0.50000,0.50000,0.50000,0.50000,0.50000,0.50000,0.00000,0.00000,0.00000,0.00000,0.00000,0.00000,0.00000,0.00000,0.00000,0.00000,0.00000,0.00000,0.00000,-0.50000,-0.50000,-0.50000,-0.50000,-0.50000,-0.50000,0.00000,0.00000,0.00000,0.00000,0.00000,0.00000,0.00000,0.00000,0.00000,0.00000,0.00000,0.00000,0.00000,0.00000,0.00000,0.00000,0.00000,0.00000,0.00000,0.00000,0.00000,0.00000,0.00000,0.00000,0.00000,0.00000,0.00000,0.00000,0.00000,0.00000,0.00000,0.00000,0.00000,0.00000,0.00000,0.00000,0.00000,0.00000,
9.700,0.00000,0.00000,0.00000,0.00000,0.00000,0.00000,0.00000,0.00000,0.00000,0.00000,0.00000,0.00000,0.00000,0.00000,0.00000,0.00000,0.00000,0.00000,0.00000,0.00000,0.00000,0.00000,0.00000,0.00000,0.00000,0.00000,0.00000,0.00000,0.00000,0.00000,0.00000,0.00000,0.00000,0.00000,0.00000,0.00000,0.00000,0.00000,0.50000,0.50000,0.50000,0.50000,0.00000,0.00000,0.00000,0.00000,0.00000,0.00000,0.00000,0.00000,0.00000,0.00000,0.00000,0.00000,0.00000,0.00000,0.00000,-0.50000,-0.50000,-0.50000,-0.50000,0.00000,0.00000,0.00000,0.00000,0.00000,0.00000,0.00000,0.00000,0.00000,0.00000,0.00000,0.00000,0.00000,0.00000,0.00000,0.00000,0.00000,0.00000,0.00000,0.00000,0.00000,0.00000,0.00000,0.00000,0.00000,0.00000,0.00000,0.00000,0.00000,0.00000,0.00000,0.00000,0.00000,0.00000,0.00000,0.00000,0.00000,0.00000,0.00000,
9.800,0.00000,0.00000,0.00000,0.00000,0.00000,0.00000,0.00000,0.00000,0.00000,0.00000,0.00000,0.00000,0.00000,0.00000,0.00000,0.00000,0.00000,0.00000,0.00000,0.00000,0.00000,0.00000,0.00000,0.00000,0.00000,0.00000,0.00000,0.00000,0.00000,0.00000,0.00000,0.00000,0.00000,0.00000,0.00000,0.00000,0.00000,0.00000,0.00000,0.50000,0.50000,0.00000,0.00000,0.00000,0.00000,0.00000,0.00000,0.00000,0.00000,0.00000,0.00000,0.00000,0.00000,0.00000,0.00000,0.00000,0.00000,0.00000,-0.50000,-0.50000,0.00000,0.00000,0.00000,0.00000,0.00000,0.00000,0.00000,0.00000,0.00000,0.00000,0.00000,0.00000,0.00000,0.00000,0.00000,0.00000,0.00000,0.00000,0.00000,0.00000,0.00000,0.00000,0.00000,0.00000,0.00000,0.00000,0.00000,0.00000,0.00000,0.00000,0.00000,0.00000,0.00000,0.00000,0.00000,0.00000,0.00000,0.00000,0.00000,0.00000,
9.900,0.00000,0.00000,0.00000,0.00000,0.00000,0.00000,0.00000,0.00000,0.00000,0.00000,0.00000,0.00000,0.00000,0.00000,0.00000,0.00000,0.00000,0.00000,0.00000,0.00000,0.00000,0.00000,0.00000,0.00000,0.00000,0.00000,0.00000,0.00000,0.00000,0.00000,0.00000,0.00000,0.00000,0.00000,0.00000,0.00000,0.00000,0.00000,0.00000,0.00000,0.00000,0.00000,0.00000,0.00000,0.00000,0.00000,0.00000,0.00000,0.00000,0.00000,0.00000,0.00000,0.00000,0.00000,0.00000,0.00000,0.00000,0.00000,0.00000,0.00000,0.00000,0.00000,0.00000,0.00000,0.00000,0.00000,0.00000,0.00000,0.00000,0.00000,0.00000,0.00000,0.00000,0.00000,0.00000,0.00000,0.00000,0.00000,0.00000,0.00000,0.00000,0.00000,0.00000,0.00000,0.00000,0.00000,0.00000,0.00000,0.00000,0.00000,0.00000,0.00000,0.00000,0.00000,0.00000,0.00000,0.00000,0.00000,0.00000,0.00000,
